0.006737947463989258,-1,-1,-1,-1,-1,-1,-1,-1,-1,-1,-1,-1.0,-1.0,-1.0,-1.0,-1.0
0.05980491638183594,-1,-1,-1,-1,-1,-1,-1,-1,-1,-1,-1,-1.0,-1.0,-1.0,-1.0,-1.0
0.11936187744140625,-1,-1,-1,-1,-1,-1,-1,-1,-1,-1,-1,-1.0,-1.0,-1.0,-1.0,-1.0
0.1743628978729248,-1,-1,-1,-1,-1,-1,-1,-1,-1,-1,-1,-1.0,-1.0,-1.0,-1.0,-1.0
0.22811412811279297,-1,-1,-1,-1,-1,-1,-1,-1,-1,-1,-1,-1.0,-1.0,-1.0,-1.0,-1.0
0.27674293518066406,-1,-1,-1,-1,-1,-1,-1,-1,-1,-1,-1,-1.0,-1.0,-1.0,-1.0,-1.0
0.3230860233306885,-1,-1,-1,-1,-1,-1,-1,-1,-1,-1,-1,-1.0,-1.0,-1.0,-1.0,-1.0
0.3690919876098633,-1,-1,-1,-1,-1,-1,-1,-1,-1,-1,-1,-1.0,-1.0,-1.0,-1.0,-1.0
0.42255091667175293,-1,-1,-1,-1,-1,-1,-1,-1,-1,-1,-1,-1.0,-1.0,-1.0,-1.0,-1.0
0.4769320487976074,-1,-1,-1,-1,-1,-1,-1,-1,-1,-1,-1,-1.0,-1.0,-1.0,-1.0,-1.0
0.5305368900299072,-1,-1,-1,-1,-1,-1,-1,-1,-1,-1,-1,-1.0,-1.0,-1.0,-1.0,-1.0
0.5843398571014404,-1,-1,-1,-1,-1,-1,-1,-1,-1,-1,-1,-1.0,-1.0,-1.0,-1.0,-1.0
0.6426920890808105,-1,-1,-1,-1,-1,-1,-1,-1,-1,-1,-1,-1.0,-1.0,-1.0,-1.0,-1.0
0.6900339126586914,-1,-1,-1,-1,-1,-1,-1,-1,-1,-1,-1,-1.0,-1.0,-1.0,-1.0,-1.0
0.7375998497009277,-1,-1,-1,-1,-1,-1,-1,-1,-1,-1,-1,-1.0,-1.0,-1.0,-1.0,-1.0
0.7911479473114014,-1,-1,-1,-1,-1,-1,-1,-1,-1,-1,-1,-1.0,-1.0,-1.0,-1.0,-1.0
0.8463521003723145,-1,-1,-1,-1,-1,-1,-1,-1,-1,-1,-1,-1.0,-1.0,-1.0,-1.0,-1.0
0.9011619091033936,-1,-1,-1,-1,-1,-1,-1,-1,-1,-1,-1,-1.0,-1.0,-1.0,-1.0,-1.0
0.9533889293670654,-1,-1,-1,-1,-1,-1,-1,-1,-1,-1,-1,-1.0,-1.0,-1.0,-1.0,-1.0
1.0045228004455566,-1,-1,-1,-1,-1,-1,-1,-1,-1,-1,-1,-1.0,-1.0,-1.0,-1.0,-1.0
1.0585787296295166,-1,-1,-1,-1,-1,-1,-1,-1,-1,-1,-1,-1.0,-1.0,-1.0,-1.0,-1.0
1.0986957550048828,-1,-1,-1,-1,-1,-1,-1,-1,-1,-1,-1,-1.0,-1.0,-1.0,-1.0,-1.0
1.1524231433868408,-1,-1,-1,-1,-1,-1,-1,-1,-1,-1,-1,-1.0,-1.0,-1.0,-1.0,-1.0
1.2075858116149902,-1,-1,-1,-1,-1,-1,-1,-1,-1,-1,-1,-1.0,-1.0,-1.0,-1.0,-1.0
1.2600059509277344,-1,-1,-1,-1,-1,-1,-1,-1,-1,-1,-1,-1.0,-1.0,-1.0,-1.0,-1.0
1.313744068145752,-1,-1,-1,-1,-1,-1,-1,-1,-1,-1,-1,-1.0,-1.0,-1.0,-1.0,-1.0
1.3661999702453613,-1,-1,-1,-1,-1,-1,-1,-1,-1,-1,-1,-1.0,-1.0,-1.0,-1.0,-1.0
1.4076688289642334,-1,-1,-1,-1,-1,-1,-1,-1,-1,-1,-1,-1.0,-1.0,-1.0,-1.0,-1.0
1.4685988426208496,-1,-1,-1,-1,-1,-1,-1,-1,-1,-1,-1,-1.0,-1.0,-1.0,-1.0,-1.0
1.522202968597412,-1,-1,-1,-1,-1,-1,-1,-1,-1,-1,-1,-1.0,-1.0,-1.0,-1.0,-1.0
1.5821239948272705,-1,-1,-1,-1,-1,-1,-1,-1,-1,-1,-1,-1.0,-1.0,-1.0,-1.0,-1.0
1.6357219219207764,-1,-1,-1,-1,-1,-1,-1,-1,-1,-1,-1,-1.0,-1.0,-1.0,-1.0,-1.0
1.6895058155059814,-1,-1,-1,-1,-1,-1,-1,-1,-1,-1,-1,-1.0,-1.0,-1.0,-1.0,-1.0
1.7370848655700684,-1,-1,-1,-1,-1,-1,-1,-1,-1,-1,-1,-1.0,-1.0,-1.0,-1.0,-1.0
1.7960779666900635,-1,-1,-1,-1,-1,-1,-1,-1,-1,-1,-1,-1.0,-1.0,-1.0,-1.0,-1.0
1.8503739833831787,-1,-1,-1,-1,-1,-1,-1,-1,-1,-1,-1,-1.0,-1.0,-1.0,-1.0,-1.0
1.9043278694152832,-1,-1,-1,-1,-1,-1,-1,-1,-1,-1,-1,-1.0,-1.0,-1.0,-1.0,-1.0
1.9585378170013428,-1,-1,-1,-1,-1,-1,-1,-1,-1,-1,-1,-1.0,-1.0,-1.0,-1.0,-1.0
2.012279987335205,-1,-1,-1,-1,-1,-1,-1,-1,-1,-1,-1,-1.0,-1.0,-1.0,-1.0,-1.0
2.0546329021453857,-1,-1,-1,-1,-1,-1,-1,-1,-1,-1,-1,-1.0,-1.0,-1.0,-1.0,-1.0
2.113184928894043,-1,-1,-1,-1,-1,-1,-1,-1,-1,-1,-1,-1.0,-1.0,-1.0,-1.0,-1.0
2.1607327461242676,-1,-1,-1,-1,-1,-1,-1,-1,-1,-1,-1,-1.0,-1.0,-1.0,-1.0,-1.0
2.2142319679260254,-1,-1,-1,-1,-1,-1,-1,-1,-1,-1,-1,-1.0,-1.0,-1.0,-1.0,-1.0
2.27424693107605,-1,-1,-1,-1,-1,-1,-1,-1,-1,-1,-1,-1.0,-1.0,-1.0,-1.0,-1.0
2.338087797164917,-1,-1,-1,-1,-1,-1,-1,-1,-1,-1,-1,-1.0,-1.0,-1.0,-1.0,-1.0
2.3921308517456055,-1,-1,-1,-1,-1,-1,-1,-1,-1,-1,-1,-1.0,-1.0,-1.0,-1.0,-1.0
2.450387954711914,-1,-1,-1,-1,-1,-1,-1,-1,-1,-1,-1,-1.0,-1.0,-1.0,-1.0,-1.0
2.5044100284576416,-1,-1,-1,-1,-1,-1,-1,-1,-1,-1,-1,-1.0,-1.0,-1.0,-1.0,-1.0
2.556752920150757,-1,-1,-1,-1,-1,-1,-1,-1,-1,-1,-1,-1.0,-1.0,-1.0,-1.0,-1.0
2.612997055053711,-1,-1,-1,-1,-1,-1,-1,-1,-1,-1,-1,-1.0,-1.0,-1.0,-1.0,-1.0
2.6769938468933105,-1,-1,-1,-1,-1,-1,-1,-1,-1,-1,-1,-1.0,-1.0,-1.0,-1.0,-1.0
2.7297439575195312,-1,-1,-1,-1,-1,-1,-1,-1,-1,-1,-1,-1.0,-1.0,-1.0,-1.0,-1.0
2.7810909748077393,-1,-1,-1,-1,-1,-1,-1,-1,-1,-1,-1,-1.0,-1.0,-1.0,-1.0,-1.0
2.8402059078216553,-1,-1,-1,-1,-1,-1,-1,-1,-1,-1,-1,-1.0,-1.0,-1.0,-1.0,-1.0
2.8950250148773193,-1,-1,-1,-1,-1,-1,-1,-1,-1,-1,-1,-1.0,-1.0,-1.0,-1.0,-1.0
2.9399619102478027,-1,-1,-1,-1,-1,-1,-1,-1,-1,-1,-1,-1.0,-1.0,-1.0,-1.0,-1.0
2.994396924972534,-1,-1,-1,-1,-1,-1,-1,-1,-1,-1,-1,-1.0,-1.0,-1.0,-1.0,-1.0
3.048516035079956,-1,-1,-1,-1,-1,-1,-1,-1,-1,-1,-1,-1.0,-1.0,-1.0,-1.0,-1.0
3.095768928527832,-1,-1,-1,-1,-1,-1,-1,-1,-1,-1,-1,-1.0,-1.0,-1.0,-1.0,-1.0
3.142488956451416,-1,-1,-1,-1,-1,-1,-1,-1,-1,-1,-1,-1.0,-1.0,-1.0,-1.0,-1.0
3.196014881134033,-1,-1,-1,-1,-1,-1,-1,-1,-1,-1,-1,-1.0,-1.0,-1.0,-1.0,-1.0
3.2448570728302,-1,-1,-1,-1,-1,-1,-1,-1,-1,-1,-1,-1.0,-1.0,-1.0,-1.0,-1.0
3.2970800399780273,-1,-1,-1,-1,-1,-1,-1,-1,-1,-1,-1,-1.0,-1.0,-1.0,-1.0,-1.0
3.3563990592956543,-1,-1,-1,-1,-1,-1,-1,-1,-1,-1,-1,-1.0,-1.0,-1.0,-1.0,-1.0
3.4079437255859375,-1,-1,-1,-1,-1,-1,-1,-1,-1,-1,-1,-1.0,-1.0,-1.0,-1.0,-1.0
3.4603538513183594,-1,-1,-1,-1,-1,-1,-1,-1,-1,-1,-1,-1.0,-1.0,-1.0,-1.0,-1.0
3.511673927307129,-1,-1,-1,-1,-1,-1,-1,-1,-1,-1,-1,-1.0,-1.0,-1.0,-1.0,-1.0
3.5583059787750244,-1,-1,-1,-1,-1,-1,-1,-1,-1,-1,-1,-1.0,-1.0,-1.0,-1.0,-1.0
3.6057980060577393,-1,-1,-1,-1,-1,-1,-1,-1,-1,-1,-1,-1.0,-1.0,-1.0,-1.0,-1.0
3.659503936767578,-1,-1,-1,-1,-1,-1,-1,-1,-1,-1,-1,-1.0,-1.0,-1.0,-1.0,-1.0
3.708142042160034,-1,-1,-1,-1,-1,-1,-1,-1,-1,-1,-1,-1.0,-1.0,-1.0,-1.0,-1.0
3.7618401050567627,-1,-1,-1,-1,-1,-1,-1,-1,-1,-1,-1,-1.0,-1.0,-1.0,-1.0,-1.0
3.8099308013916016,-1,-1,-1,-1,-1,-1,-1,-1,-1,-1,-1,-1.0,-1.0,-1.0,-1.0,-1.0
3.862481117248535,-1,-1,-1,-1,-1,-1,-1,-1,-1,-1,-1,-1.0,-1.0,-1.0,-1.0,-1.0
3.9209249019622803,-1,-1,-1,-1,-1,-1,-1,-1,-1,-1,-1,-1.0,-1.0,-1.0,-1.0,-1.0
3.973249912261963,-1,-1,-1,-1,-1,-1,-1,-1,-1,-1,-1,-1.0,-1.0,-1.0,-1.0,-1.0
4.027179956436157,-1,-1,-1,-1,-1,-1,-1,-1,-1,-1,-1,-1.0,-1.0,-1.0,-1.0,-1.0
4.086457014083862,-1,-1,-1,-1,-1,-1,-1,-1,-1,-1,-1,-1.0,-1.0,-1.0,-1.0,-1.0
4.1400978565216064,-1,-1,-1,-1,-1,-1,-1,-1,-1,-1,-1,-1.0,-1.0,-1.0,-1.0,-1.0
4.1887547969818115,-1,-1,-1,-1,-1,-1,-1,-1,-1,-1,-1,-1.0,-1.0,-1.0,-1.0,-1.0
4.236991882324219,-1,-1,-1,-1,-1,-1,-1,-1,-1,-1,-1,-1.0,-1.0,-1.0,-1.0,-1.0
4.285475969314575,-1,-1,-1,-1,-1,-1,-1,-1,-1,-1,-1,-1.0,-1.0,-1.0,-1.0,-1.0
4.338994741439819,-1,-1,-1,-1,-1,-1,-1,-1,-1,-1,-1,-1.0,-1.0,-1.0,-1.0,-1.0
4.392628908157349,-1,-1,-1,-1,-1,-1,-1,-1,-1,-1,-1,-1.0,-1.0,-1.0,-1.0,-1.0
4.451369762420654,-1,-1,-1,-1,-1,-1,-1,-1,-1,-1,-1,-1.0,-1.0,-1.0,-1.0,-1.0
4.506500005722046,-1,-1,-1,-1,-1,-1,-1,-1,-1,-1,-1,-1.0,-1.0,-1.0,-1.0,-1.0
4.5664448738098145,-1,-1,-1,-1,-1,-1,-1,-1,-1,-1,-1,-1.0,-1.0,-1.0,-1.0,-1.0
4.619337797164917,-1,-1,-1,-1,-1,-1,-1,-1,-1,-1,-1,-1.0,-1.0,-1.0,-1.0,-1.0
4.673902988433838,-1,-1,-1,-1,-1,-1,-1,-1,-1,-1,-1,-1.0,-1.0,-1.0,-1.0,-1.0
4.727710962295532,-1,-1,-1,-1,-1,-1,-1,-1,-1,-1,-1,-1.0,-1.0,-1.0,-1.0,-1.0
4.782779932022095,-1,-1,-1,-1,-1,-1,-1,-1,-1,-1,-1,-1.0,-1.0,-1.0,-1.0,-1.0
4.831120014190674,-1,-1,-1,-1,-1,-1,-1,-1,-1,-1,-1,-1.0,-1.0,-1.0,-1.0,-1.0
4.889612913131714,-1,-1,-1,-1,-1,-1,-1,-1,-1,-1,-1,-1.0,-1.0,-1.0,-1.0,-1.0
4.947373867034912,-1,-1,-1,-1,-1,-1,-1,-1,-1,-1,-1,-1.0,-1.0,-1.0,-1.0,-1.0
5.006354808807373,-1,-1,-1,-1,-1,-1,-1,-1,-1,-1,-1,-1.0,-1.0,-1.0,-1.0,-1.0
5.072277784347534,-1,-1,-1,-1,-1,-1,-1,-1,-1,-1,-1,-1.0,-1.0,-1.0,-1.0,-1.0
5.11970591545105,-1,-1,-1,-1,-1,-1,-1,-1,-1,-1,-1,-1.0,-1.0,-1.0,-1.0,-1.0
5.165910959243774,-1,-1,-1,-1,-1,-1,-1,-1,-1,-1,-1,-1.0,-1.0,-1.0,-1.0,-1.0
5.207451105117798,-1,-1,-1,-1,-1,-1,-1,-1,-1,-1,-1,-1.0,-1.0,-1.0,-1.0,-1.0
5.260478973388672,-1,-1,-1,-1,-1,-1,-1,-1,-1,-1,-1,-1.0,-1.0,-1.0,-1.0,-1.0
5.320219993591309,-1,-1,-1,-1,-1,-1,-1,-1,-1,-1,-1,-1.0,-1.0,-1.0,-1.0,-1.0
5.371574878692627,-1,-1,-1,-1,-1,-1,-1,-1,-1,-1,-1,-1.0,-1.0,-1.0,-1.0,-1.0
5.426095008850098,-1,-1,-1,-1,-1,-1,-1,-1,-1,-1,-1,-1.0,-1.0,-1.0,-1.0,-1.0
5.4783148765563965,-1,-1,-1,-1,-1,-1,-1,-1,-1,-1,-1,-1.0,-1.0,-1.0,-1.0,-1.0
5.5319719314575195,-1,-1,-1,-1,-1,-1,-1,-1,-1,-1,-1,-1.0,-1.0,-1.0,-1.0,-1.0
5.586562871932983,-1,-1,-1,-1,-1,-1,-1,-1,-1,-1,-1,-1.0,-1.0,-1.0,-1.0,-1.0
5.637609958648682,-1,-1,-1,-1,-1,-1,-1,-1,-1,-1,-1,-1.0,-1.0,-1.0,-1.0,-1.0
5.679095029830933,-1,-1,-1,-1,-1,-1,-1,-1,-1,-1,-1,-1.0,-1.0,-1.0,-1.0,-1.0
5.734003782272339,-1,-1,-1,-1,-1,-1,-1,-1,-1,-1,-1,-1.0,-1.0,-1.0,-1.0,-1.0
5.78767991065979,-1,-1,-1,-1,-1,-1,-1,-1,-1,-1,-1,-1.0,-1.0,-1.0,-1.0,-1.0
5.841042757034302,-1,-1,-1,-1,-1,-1,-1,-1,-1,-1,-1,-1.0,-1.0,-1.0,-1.0,-1.0
5.893270015716553,-1,-1,-1,-1,-1,-1,-1,-1,-1,-1,-1,-1.0,-1.0,-1.0,-1.0,-1.0
5.948303937911987,-1,-1,-1,-1,-1,-1,-1,-1,-1,-1,-1,-1.0,-1.0,-1.0,-1.0,-1.0
6.000798940658569,-1,-1,-1,-1,-1,-1,-1,-1,-1,-1,-1,-1.0,-1.0,-1.0,-1.0,-1.0
6.054108142852783,-1,-1,-1,-1,-1,-1,-1,-1,-1,-1,-1,-1.0,-1.0,-1.0,-1.0,-1.0
6.107881784439087,-1,-1,-1,-1,-1,-1,-1,-1,-1,-1,-1,-1.0,-1.0,-1.0,-1.0,-1.0
6.161824941635132,-1,-1,-1,-1,-1,-1,-1,-1,-1,-1,-1,-1.0,-1.0,-1.0,-1.0,-1.0
6.20970892906189,-1,-1,-1,-1,-1,-1,-1,-1,-1,-1,-1,-1.0,-1.0,-1.0,-1.0,-1.0
6.257102012634277,-1,-1,-1,-1,-1,-1,-1,-1,-1,-1,-1,-1.0,-1.0,-1.0,-1.0,-1.0
6.309832811355591,-1,-1,-1,-1,-1,-1,-1,-1,-1,-1,-1,-1.0,-1.0,-1.0,-1.0,-1.0
6.362149953842163,-1,-1,-1,-1,-1,-1,-1,-1,-1,-1,-1,-1.0,-1.0,-1.0,-1.0,-1.0
6.4110188484191895,-1,-1,-1,-1,-1,-1,-1,-1,-1,-1,-1,-1.0,-1.0,-1.0,-1.0,-1.0
6.466209888458252,-1,-1,-1,-1,-1,-1,-1,-1,-1,-1,-1,-1.0,-1.0,-1.0,-1.0,-1.0
6.519709825515747,-1,-1,-1,-1,-1,-1,-1,-1,-1,-1,-1,-1.0,-1.0,-1.0,-1.0,-1.0
6.573652982711792,-1,-1,-1,-1,-1,-1,-1,-1,-1,-1,-1,-1.0,-1.0,-1.0,-1.0,-1.0
6.626810073852539,-1,-1,-1,-1,-1,-1,-1,-1,-1,-1,-1,-1.0,-1.0,-1.0,-1.0,-1.0
6.68048095703125,-1,-1,-1,-1,-1,-1,-1,-1,-1,-1,-1,-1.0,-1.0,-1.0,-1.0,-1.0
6.7327189445495605,-1,-1,-1,-1,-1,-1,-1,-1,-1,-1,-1,-1.0,-1.0,-1.0,-1.0,-1.0
6.785137891769409,-1,-1,-1,-1,-1,-1,-1,-1,-1,-1,-1,-1.0,-1.0,-1.0,-1.0,-1.0
6.843719720840454,-1,-1,-1,-1,-1,-1,-1,-1,-1,-1,-1,-1.0,-1.0,-1.0,-1.0,-1.0
6.897085905075073,-1,-1,-1,-1,-1,-1,-1,-1,-1,-1,-1,-1.0,-1.0,-1.0,-1.0,-1.0
6.950178861618042,-1,-1,-1,-1,-1,-1,-1,-1,-1,-1,-1,-1.0,-1.0,-1.0,-1.0,-1.0
7.004154920578003,-1,-1,-1,-1,-1,-1,-1,-1,-1,-1,-1,-1.0,-1.0,-1.0,-1.0,-1.0
7.058651924133301,-1,-1,-1,-1,-1,-1,-1,-1,-1,-1,-1,-1.0,-1.0,-1.0,-1.0,-1.0
7.112123012542725,-1,-1,-1,-1,-1,-1,-1,-1,-1,-1,-1,-1.0,-1.0,-1.0,-1.0,-1.0
7.165762901306152,-1,-1,-1,-1,-1,-1,-1,-1,-1,-1,-1,-1.0,-1.0,-1.0,-1.0,-1.0
7.21924901008606,-1,-1,-1,-1,-1,-1,-1,-1,-1,-1,-1,-1.0,-1.0,-1.0,-1.0,-1.0
7.2666709423065186,-1,-1,-1,-1,-1,-1,-1,-1,-1,-1,-1,-1.0,-1.0,-1.0,-1.0,-1.0
7.318994045257568,-1,-1,-1,-1,-1,-1,-1,-1,-1,-1,-1,-1.0,-1.0,-1.0,-1.0,-1.0
7.372599840164185,-1,-1,-1,-1,-1,-1,-1,-1,-1,-1,-1,-1.0,-1.0,-1.0,-1.0,-1.0
7.431847810745239,-1,-1,-1,-1,-1,-1,-1,-1,-1,-1,-1,-1.0,-1.0,-1.0,-1.0,-1.0
7.485317945480347,-1,-1,-1,-1,-1,-1,-1,-1,-1,-1,-1,-1.0,-1.0,-1.0,-1.0,-1.0
7.558429718017578,-1,-1,-1,-1,-1,-1,-1,-1,-1,-1,-1,-1.0,-1.0,-1.0,-1.0,-1.0
7.604657888412476,-1,-1,-1,-1,-1,-1,-1,-1,-1,-1,-1,-1.0,-1.0,-1.0,-1.0,-1.0
7.658203125,-1,-1,-1,-1,-1,-1,-1,-1,-1,-1,-1,-1.0,-1.0,-1.0,-1.0,-1.0
7.705303907394409,-1,-1,-1,-1,-1,-1,-1,-1,-1,-1,-1,-1.0,-1.0,-1.0,-1.0,-1.0
7.759139060974121,-1,-1,-1,-1,-1,-1,-1,-1,-1,-1,-1,-1.0,-1.0,-1.0,-1.0,-1.0
7.81899094581604,-1,-1,-1,-1,-1,-1,-1,-1,-1,-1,-1,-1.0,-1.0,-1.0,-1.0,-1.0
7.866620779037476,-1,-1,-1,-1,-1,-1,-1,-1,-1,-1,-1,-1.0,-1.0,-1.0,-1.0,-1.0
7.914796829223633,-1,-1,-1,-1,-1,-1,-1,-1,-1,-1,-1,-1.0,-1.0,-1.0,-1.0,-1.0
7.9734718799591064,-1,-1,-1,-1,-1,-1,-1,-1,-1,-1,-1,-1.0,-1.0,-1.0,-1.0,-1.0
8.021123886108398,-1,-1,-1,-1,-1,-1,-1,-1,-1,-1,-1,-1.0,-1.0,-1.0,-1.0,-1.0
8.073438882827759,-1,-1,-1,-1,-1,-1,-1,-1,-1,-1,-1,-1.0,-1.0,-1.0,-1.0,-1.0
8.122030973434448,-1,-1,-1,-1,-1,-1,-1,-1,-1,-1,-1,-1.0,-1.0,-1.0,-1.0,-1.0
8.176151037216187,-1,-1,-1,-1,-1,-1,-1,-1,-1,-1,-1,-1.0,-1.0,-1.0,-1.0,-1.0
8.23066782951355,-1,-1,-1,-1,-1,-1,-1,-1,-1,-1,-1,-1.0,-1.0,-1.0,-1.0,-1.0
8.285246849060059,-1,-1,-1,-1,-1,-1,-1,-1,-1,-1,-1,-1.0,-1.0,-1.0,-1.0,-1.0
8.339782953262329,-1,-1,-1,-1,-1,-1,-1,-1,-1,-1,-1,-1.0,-1.0,-1.0,-1.0,-1.0
8.388422012329102,-1,-1,-1,-1,-1,-1,-1,-1,-1,-1,-1,-1.0,-1.0,-1.0,-1.0,-1.0
8.441114902496338,-1,-1,-1,-1,-1,-1,-1,-1,-1,-1,-1,-1.0,-1.0,-1.0,-1.0,-1.0
8.494221925735474,-1,-1,-1,-1,-1,-1,-1,-1,-1,-1,-1,-1.0,-1.0,-1.0,-1.0,-1.0
8.548593759536743,-1,-1,-1,-1,-1,-1,-1,-1,-1,-1,-1,-1.0,-1.0,-1.0,-1.0,-1.0
8.601688861846924,-1,-1,-1,-1,-1,-1,-1,-1,-1,-1,-1,-1.0,-1.0,-1.0,-1.0,-1.0
8.656213998794556,-1,-1,-1,-1,-1,-1,-1,-1,-1,-1,-1,-1.0,-1.0,-1.0,-1.0,-1.0
8.711091756820679,-1,-1,-1,-1,-1,-1,-1,-1,-1,-1,-1,-1.0,-1.0,-1.0,-1.0,-1.0
8.764899969100952,-1,-1,-1,-1,-1,-1,-1,-1,-1,-1,-1,-1.0,-1.0,-1.0,-1.0,-1.0
8.820014953613281,-1,-1,-1,-1,-1,-1,-1,-1,-1,-1,-1,-1.0,-1.0,-1.0,-1.0,-1.0
8.873255729675293,-1,-1,-1,-1,-1,-1,-1,-1,-1,-1,-1,-1.0,-1.0,-1.0,-1.0,-1.0
8.933247804641724,-1,-1,-1,-1,-1,-1,-1,-1,-1,-1,-1,-1.0,-1.0,-1.0,-1.0,-1.0
8.987042903900146,-1,-1,-1,-1,-1,-1,-1,-1,-1,-1,-1,-1.0,-1.0,-1.0,-1.0,-1.0
9.039039850234985,-1,-1,-1,-1,-1,-1,-1,-1,-1,-1,-1,-1.0,-1.0,-1.0,-1.0,-1.0
9.09295392036438,-1,-1,-1,-1,-1,-1,-1,-1,-1,-1,-1,-1.0,-1.0,-1.0,-1.0,-1.0
9.141562938690186,-1,-1,-1,-1,-1,-1,-1,-1,-1,-1,-1,-1.0,-1.0,-1.0,-1.0,-1.0
9.189275026321411,-1,-1,-1,-1,-1,-1,-1,-1,-1,-1,-1,-1.0,-1.0,-1.0,-1.0,-1.0
9.244104862213135,-1,-1,-1,-1,-1,-1,-1,-1,-1,-1,-1,-1.0,-1.0,-1.0,-1.0,-1.0
9.291905879974365,-1,-1,-1,-1,-1,-1,-1,-1,-1,-1,-1,-1.0,-1.0,-1.0,-1.0,-1.0
9.34546184539795,-1,-1,-1,-1,-1,-1,-1,-1,-1,-1,-1,-1.0,-1.0,-1.0,-1.0,-1.0
9.397948026657104,-1,-1,-1,-1,-1,-1,-1,-1,-1,-1,-1,-1.0,-1.0,-1.0,-1.0,-1.0
9.454042911529541,-1,-1,-1,-1,-1,-1,-1,-1,-1,-1,-1,-1.0,-1.0,-1.0,-1.0,-1.0
9.495890855789185,-1,-1,-1,-1,-1,-1,-1,-1,-1,-1,-1,-1.0,-1.0,-1.0,-1.0,-1.0
9.548801898956299,-1,-1,-1,-1,-1,-1,-1,-1,-1,-1,-1,-1.0,-1.0,-1.0,-1.0,-1.0
9.597424030303955,-1,-1,-1,-1,-1,-1,-1,-1,-1,-1,-1,-1.0,-1.0,-1.0,-1.0,-1.0
9.656341791152954,-1,-1,-1,-1,-1,-1,-1,-1,-1,-1,-1,-1.0,-1.0,-1.0,-1.0,-1.0
9.703074932098389,-1,-1,-1,-1,-1,-1,-1,-1,-1,-1,-1,-1.0,-1.0,-1.0,-1.0,-1.0
9.757740020751953,-1,-1,-1,-1,-1,-1,-1,-1,-1,-1,-1,-1.0,-1.0,-1.0,-1.0,-1.0
9.812873840332031,-1,-1,-1,-1,-1,-1,-1,-1,-1,-1,-1,-1.0,-1.0,-1.0,-1.0,-1.0
9.865288734436035,-1,-1,-1,-1,-1,-1,-1,-1,-1,-1,-1,-1.0,-1.0,-1.0,-1.0,-1.0
9.916576862335205,-1,-1,-1,-1,-1,-1,-1,-1,-1,-1,-1,-1.0,-1.0,-1.0,-1.0,-1.0
9.970577955245972,-1,-1,-1,-1,-1,-1,-1,-1,-1,-1,-1,-1.0,-1.0,-1.0,-1.0,-1.0
10.025544881820679,-1,-1,-1,-1,-1,-1,-1,-1,-1,-1,-1,-1.0,-1.0,-1.0,-1.0,-1.0
10.077976942062378,-1,-1,-1,-1,-1,-1,-1,-1,-1,-1,-1,-1.0,-1.0,-1.0,-1.0,-1.0
10.13794493675232,-1,-1,-1,-1,-1,-1,-1,-1,-1,-1,-1,-1.0,-1.0,-1.0,-1.0,-1.0
10.198940753936768,-1,-1,-1,-1,-1,-1,-1,-1,-1,-1,-1,-1.0,-1.0,-1.0,-1.0,-1.0
10.252671957015991,-1,-1,-1,-1,-1,-1,-1,-1,-1,-1,-1,-1.0,-1.0,-1.0,-1.0,-1.0
10.307024002075195,-1,-1,-1,-1,-1,-1,-1,-1,-1,-1,-1,-1.0,-1.0,-1.0,-1.0,-1.0
10.361222982406616,-1,-1,-1,-1,-1,-1,-1,-1,-1,-1,-1,-1.0,-1.0,-1.0,-1.0,-1.0
10.416304111480713,-1,-1,-1,-1,-1,-1,-1,-1,-1,-1,-1,-1.0,-1.0,-1.0,-1.0,-1.0
10.470526933670044,-1,-1,-1,-1,-1,-1,-1,-1,-1,-1,-1,-1.0,-1.0,-1.0,-1.0,-1.0
10.524036884307861,-1,-1,-1,-1,-1,-1,-1,-1,-1,-1,-1,-1.0,-1.0,-1.0,-1.0,-1.0
10.577510118484497,-1,-1,-1,-1,-1,-1,-1,-1,-1,-1,-1,-1.0,-1.0,-1.0,-1.0,-1.0
10.637167930603027,-1,-1,-1,-1,-1,-1,-1,-1,-1,-1,-1,-1.0,-1.0,-1.0,-1.0,-1.0
10.68631887435913,-1,-1,-1,-1,-1,-1,-1,-1,-1,-1,-1,-1.0,-1.0,-1.0,-1.0,-1.0
10.739504098892212,-1,-1,-1,-1,-1,-1,-1,-1,-1,-1,-1,-1.0,-1.0,-1.0,-1.0,-1.0
10.793095827102661,-1,-1,-1,-1,-1,-1,-1,-1,-1,-1,-1,-1.0,-1.0,-1.0,-1.0,-1.0
10.84812307357788,-1,-1,-1,-1,-1,-1,-1,-1,-1,-1,-1,-1.0,-1.0,-1.0,-1.0,-1.0
10.900638818740845,-1,-1,-1,-1,-1,-1,-1,-1,-1,-1,-1,-1.0,-1.0,-1.0,-1.0,-1.0
10.967177867889404,-1,-1,-1,-1,-1,-1,-1,-1,-1,-1,-1,-1.0,-1.0,-1.0,-1.0,-1.0
11.021059036254883,-1,-1,-1,-1,-1,-1,-1,-1,-1,-1,-1,-1.0,-1.0,-1.0,-1.0,-1.0
11.076503038406372,-1,-1,-1,-1,-1,-1,-1,-1,-1,-1,-1,-1.0,-1.0,-1.0,-1.0,-1.0
11.130076885223389,-1,-1,-1,-1,-1,-1,-1,-1,-1,-1,-1,-1.0,-1.0,-1.0,-1.0,-1.0
11.185866832733154,-1,-1,-1,-1,-1,-1,-1,-1,-1,-1,-1,-1.0,-1.0,-1.0,-1.0,-1.0
11.234606981277466,-1,-1,-1,-1,-1,-1,-1,-1,-1,-1,-1,-1.0,-1.0,-1.0,-1.0,-1.0
11.287745952606201,-1,-1,-1,-1,-1,-1,-1,-1,-1,-1,-1,-1.0,-1.0,-1.0,-1.0,-1.0
11.342785835266113,-1,-1,-1,-1,-1,-1,-1,-1,-1,-1,-1,-1.0,-1.0,-1.0,-1.0,-1.0
11.395625829696655,-1,-1,-1,-1,-1,-1,-1,-1,-1,-1,-1,-1.0,-1.0,-1.0,-1.0,-1.0
11.453500032424927,-1,-1,-1,-1,-1,-1,-1,-1,-1,-1,-1,-1.0,-1.0,-1.0,-1.0,-1.0
11.507495880126953,-1,-1,-1,-1,-1,-1,-1,-1,-1,-1,-1,-1.0,-1.0,-1.0,-1.0,-1.0
11.573367834091187,-1,-1,-1,-1,-1,-1,-1,-1,-1,-1,-1,-1.0,-1.0,-1.0,-1.0,-1.0
11.625202894210815,-1,-1,-1,-1,-1,-1,-1,-1,-1,-1,-1,-1.0,-1.0,-1.0,-1.0,-1.0
11.679763793945312,-1,-1,-1,-1,-1,-1,-1,-1,-1,-1,-1,-1.0,-1.0,-1.0,-1.0,-1.0
11.730840921401978,-1,-1,-1,-1,-1,-1,-1,-1,-1,-1,-1,-1.0,-1.0,-1.0,-1.0,-1.0
11.784639835357666,-1,-1,-1,-1,-1,-1,-1,-1,-1,-1,-1,-1.0,-1.0,-1.0,-1.0,-1.0
11.839492082595825,-1,-1,-1,-1,-1,-1,-1,-1,-1,-1,-1,-1.0,-1.0,-1.0,-1.0,-1.0
11.888060808181763,-1,-1,-1,-1,-1,-1,-1,-1,-1,-1,-1,-1.0,-1.0,-1.0,-1.0,-1.0
11.94090485572815,-1,-1,-1,-1,-1,-1,-1,-1,-1,-1,-1,-1.0,-1.0,-1.0,-1.0,-1.0
11.992775917053223,-1,-1,-1,-1,-1,-1,-1,-1,-1,-1,-1,-1.0,-1.0,-1.0,-1.0,-1.0
12.045589923858643,-1,-1,-1,-1,-1,-1,-1,-1,-1,-1,-1,-1.0,-1.0,-1.0,-1.0,-1.0
12.098559856414795,-1,-1,-1,-1,-1,-1,-1,-1,-1,-1,-1,-1.0,-1.0,-1.0,-1.0,-1.0
12.152744770050049,-1,-1,-1,-1,-1,-1,-1,-1,-1,-1,-1,-1.0,-1.0,-1.0,-1.0,-1.0
12.205684900283813,-1,-1,-1,-1,-1,-1,-1,-1,-1,-1,-1,-1.0,-1.0,-1.0,-1.0,-1.0
12.259305953979492,-1,-1,-1,-1,-1,-1,-1,-1,-1,-1,-1,-1.0,-1.0,-1.0,-1.0,-1.0
12.312612056732178,-1,-1,-1,-1,-1,-1,-1,-1,-1,-1,-1,-1.0,-1.0,-1.0,-1.0,-1.0
12.366106986999512,-1,-1,-1,-1,-1,-1,-1,-1,-1,-1,-1,-1.0,-1.0,-1.0,-1.0,-1.0
12.425856828689575,-1,-1,-1,-1,-1,-1,-1,-1,-1,-1,-1,-1.0,-1.0,-1.0,-1.0,-1.0
12.484853982925415,-1,-1,-1,-1,-1,-1,-1,-1,-1,-1,-1,-1.0,-1.0,-1.0,-1.0,-1.0
12.537775993347168,-1,-1,-1,-1,-1,-1,-1,-1,-1,-1,-1,-1.0,-1.0,-1.0,-1.0,-1.0
12.58548092842102,-1,-1,-1,-1,-1,-1,-1,-1,-1,-1,-1,-1.0,-1.0,-1.0,-1.0,-1.0
12.637852907180786,-1,-1,-1,-1,-1,-1,-1,-1,-1,-1,-1,-1.0,-1.0,-1.0,-1.0,-1.0
12.697706937789917,-1,-1,-1,-1,-1,-1,-1,-1,-1,-1,-1,-1.0,-1.0,-1.0,-1.0,-1.0
12.752839803695679,-1,-1,-1,-1,-1,-1,-1,-1,-1,-1,-1,-1.0,-1.0,-1.0,-1.0,-1.0
12.799129009246826,-1,-1,-1,-1,-1,-1,-1,-1,-1,-1,-1,-1.0,-1.0,-1.0,-1.0,-1.0
12.8538179397583,-1,-1,-1,-1,-1,-1,-1,-1,-1,-1,-1,-1.0,-1.0,-1.0,-1.0,-1.0
12.908821821212769,-1,-1,-1,-1,-1,-1,-1,-1,-1,-1,-1,-1.0,-1.0,-1.0,-1.0,-1.0
12.961026906967163,-1,-1,-1,-1,-1,-1,-1,-1,-1,-1,-1,-1.0,-1.0,-1.0,-1.0,-1.0
13.014062881469727,-1,-1,-1,-1,-1,-1,-1,-1,-1,-1,-1,-1.0,-1.0,-1.0,-1.0,-1.0
13.067856073379517,-1,-1,-1,-1,-1,-1,-1,-1,-1,-1,-1,-1.0,-1.0,-1.0,-1.0,-1.0
13.122092008590698,-1,-1,-1,-1,-1,-1,-1,-1,-1,-1,-1,-1.0,-1.0,-1.0,-1.0,-1.0
13.17649507522583,-1,-1,-1,-1,-1,-1,-1,-1,-1,-1,-1,-1.0,-1.0,-1.0,-1.0,-1.0
13.236366033554077,-1,-1,-1,-1,-1,-1,-1,-1,-1,-1,-1,-1.0,-1.0,-1.0,-1.0,-1.0
13.291120052337646,-1,-1,-1,-1,-1,-1,-1,-1,-1,-1,-1,-1.0,-1.0,-1.0,-1.0,-1.0
13.344496011734009,-1,-1,-1,-1,-1,-1,-1,-1,-1,-1,-1,-1.0,-1.0,-1.0,-1.0,-1.0
13.397814989089966,-1,-1,-1,-1,-1,-1,-1,-1,-1,-1,-1,-1.0,-1.0,-1.0,-1.0,-1.0
13.451257944107056,-1,-1,-1,-1,-1,-1,-1,-1,-1,-1,-1,-1.0,-1.0,-1.0,-1.0,-1.0
13.51057505607605,-1,-1,-1,-1,-1,-1,-1,-1,-1,-1,-1,-1.0,-1.0,-1.0,-1.0,-1.0
13.565335035324097,-1,-1,-1,-1,-1,-1,-1,-1,-1,-1,-1,-1.0,-1.0,-1.0,-1.0,-1.0
13.617682933807373,-1,-1,-1,-1,-1,-1,-1,-1,-1,-1,-1,-1.0,-1.0,-1.0,-1.0,-1.0
13.671519994735718,-1,-1,-1,-1,-1,-1,-1,-1,-1,-1,-1,-1.0,-1.0,-1.0,-1.0,-1.0
13.71168303489685,-1,-1,-1,-1,-1,-1,-1,-1,-1,-1,-1,-1.0,-1.0,-1.0,-1.0,-1.0
13.759105920791626,-1,-1,-1,-1,-1,-1,-1,-1,-1,-1,-1,-1.0,-1.0,-1.0,-1.0,-1.0
13.81206488609314,-1,-1,-1,-1,-1,-1,-1,-1,-1,-1,-1,-1.0,-1.0,-1.0,-1.0,-1.0
13.865229845046997,-1,-1,-1,-1,-1,-1,-1,-1,-1,-1,-1,-1.0,-1.0,-1.0,-1.0,-1.0
13.912997007369995,-1,-1,-1,-1,-1,-1,-1,-1,-1,-1,-1,-1.0,-1.0,-1.0,-1.0,-1.0
13.96498990058899,-1,-1,-1,-1,-1,-1,-1,-1,-1,-1,-1,-1.0,-1.0,-1.0,-1.0,-1.0
14.018577098846436,-1,-1,-1,-1,-1,-1,-1,-1,-1,-1,-1,-1.0,-1.0,-1.0,-1.0,-1.0
14.072529077529907,-1,-1,-1,-1,-1,-1,-1,-1,-1,-1,-1,-1.0,-1.0,-1.0,-1.0,-1.0
14.127058029174805,-1,-1,-1,-1,-1,-1,-1,-1,-1,-1,-1,-1.0,-1.0,-1.0,-1.0,-1.0
14.178451776504517,-1,-1,-1,-1,-1,-1,-1,-1,-1,-1,-1,-1.0,-1.0,-1.0,-1.0,-1.0
14.233191728591919,-1,-1,-1,-1,-1,-1,-1,-1,-1,-1,-1,-1.0,-1.0,-1.0,-1.0,-1.0
14.293522834777832,-1,-1,-1,-1,-1,-1,-1,-1,-1,-1,-1,-1.0,-1.0,-1.0,-1.0,-1.0
14.352752923965454,-1,-1,-1,-1,-1,-1,-1,-1,-1,-1,-1,-1.0,-1.0,-1.0,-1.0,-1.0
14.424531936645508,-1,-1,-1,-1,-1,-1,-1,-1,-1,-1,-1,-1.0,-1.0,-1.0,-1.0,-1.0
14.478137969970703,-1,-1,-1,-1,-1,-1,-1,-1,-1,-1,-1,-1.0,-1.0,-1.0,-1.0,-1.0
14.53199291229248,-1,-1,-1,-1,-1,-1,-1,-1,-1,-1,-1,-1.0,-1.0,-1.0,-1.0,-1.0
14.58534288406372,-1,-1,-1,-1,-1,-1,-1,-1,-1,-1,-1,-1.0,-1.0,-1.0,-1.0,-1.0
14.63988184928894,-1,-1,-1,-1,-1,-1,-1,-1,-1,-1,-1,-1.0,-1.0,-1.0,-1.0,-1.0
14.693835973739624,-1,-1,-1,-1,-1,-1,-1,-1,-1,-1,-1,-1.0,-1.0,-1.0,-1.0,-1.0
14.746204137802124,-1,-1,-1,-1,-1,-1,-1,-1,-1,-1,-1,-1.0,-1.0,-1.0,-1.0,-1.0
14.800869941711426,-1,-1,-1,-1,-1,-1,-1,-1,-1,-1,-1,-1.0,-1.0,-1.0,-1.0,-1.0
14.8608717918396,-1,-1,-1,-1,-1,-1,-1,-1,-1,-1,-1,-1.0,-1.0,-1.0,-1.0,-1.0
14.914910793304443,-1,-1,-1,-1,-1,-1,-1,-1,-1,-1,-1,-1.0,-1.0,-1.0,-1.0,-1.0
14.9633948802948,-1,-1,-1,-1,-1,-1,-1,-1,-1,-1,-1,-1.0,-1.0,-1.0,-1.0,-1.0
15.015836715698242,-1,-1,-1,-1,-1,-1,-1,-1,-1,-1,-1,-1.0,-1.0,-1.0,-1.0,-1.0
15.06783676147461,-1,-1,-1,-1,-1,-1,-1,-1,-1,-1,-1,-1.0,-1.0,-1.0,-1.0,-1.0
15.12601113319397,-1,-1,-1,-1,-1,-1,-1,-1,-1,-1,-1,-1.0,-1.0,-1.0,-1.0,-1.0
15.180909872055054,-1,-1,-1,-1,-1,-1,-1,-1,-1,-1,-1,-1.0,-1.0,-1.0,-1.0,-1.0
15.227017879486084,-1,-1,-1,-1,-1,-1,-1,-1,-1,-1,-1,-1.0,-1.0,-1.0,-1.0,-1.0
15.251751899719238,-1,-1,-1,-1,-1,-1,-1,-1,-1,-1,-1,-1.0,-1.0,-1.0,-1.0,-1.0
15.262862920761108,-1,-1,-1,-1,-1,-1,-1,-1,-1,-1,-1,-1.0,-1.0,-1.0,-1.0,-1.0
15.274480104446411,-1,-1,-1,-1,-1,-1,-1,-1,-1,-1,-1,-1.0,-1.0,-1.0,-1.0,-1.0
15.28565502166748,-1,-1,-1,-1,-1,-1,-1,-1,-1,-1,-1,-1.0,-1.0,-1.0,-1.0,-1.0
15.297948122024536,-1,-1,-1,-1,-1,-1,-1,-1,-1,-1,-1,-1.0,-1.0,-1.0,-1.0,-1.0
15.309062004089355,-1,-1,-1,-1,-1,-1,-1,-1,-1,-1,-1,-1.0,-1.0,-1.0,-1.0,-1.0
15.320646047592163,-1,-1,-1,-1,-1,-1,-1,-1,-1,-1,-1,-1.0,-1.0,-1.0,-1.0,-1.0
15.331423997879028,-1,-1,-1,-1,-1,-1,-1,-1,-1,-1,-1,-1.0,-1.0,-1.0,-1.0,-1.0
15.344462871551514,-1,-1,-1,-1,-1,-1,-1,-1,-1,-1,-1,-1.0,-1.0,-1.0,-1.0,-1.0
15.356088876724243,-1,-1,-1,-1,-1,-1,-1,-1,-1,-1,-1,-1.0,-1.0,-1.0,-1.0,-1.0
15.367661952972412,-1,-1,-1,-1,-1,-1,-1,-1,-1,-1,-1,-1.0,-1.0,-1.0,-1.0,-1.0
15.379433870315552,-1,-1,-1,-1,-1,-1,-1,-1,-1,-1,-1,-1.0,-1.0,-1.0,-1.0,-1.0
15.391303777694702,-1,-1,-1,-1,-1,-1,-1,-1,-1,-1,-1,-1.0,-1.0,-1.0,-1.0,-1.0
15.40248990058899,-1,-1,-1,-1,-1,-1,-1,-1,-1,-1,-1,-1.0,-1.0,-1.0,-1.0,-1.0
15.413525819778442,-1,-1,-1,-1,-1,-1,-1,-1,-1,-1,-1,-1.0,-1.0,-1.0,-1.0,-1.0
15.424154043197632,-1,-1,-1,-1,-1,-1,-1,-1,-1,-1,-1,-1.0,-1.0,-1.0,-1.0,-1.0
