11.75303817,0,1,-1,0,0,3,59,61,10,0,67,61.38,0,-25,-31,-999
11.80764294,0,1,-1,0,0,3,59,61,10,0,67,61.37,0,-12,-25,-999
11.88419676,0,1,-1,0,0,2,59,61,10,0,67,61.36,0,-13,-24,-1000
11.97107196,0,1,-1,0,0,2,59,61,10,0,67,61.36,0,-14,-24,-1000
12.07963896,0,1,-1,0,0,2,59,61,10,0,67,61.37,0,-14,-25,-1000
12.15260601,0,1,-1,0,0,2,59,61,10,0,67,61.37,0,-14,-25,-1000
12.23016405,0,1,-1,0,0,2,59,61,10,0,67,61.32,0,-13,-24,-1001
12.27934384,0,1,-1,0,0,2,59,61,10,0,67,61.36,0,-11,-24,-1002
12.36871505,0,1,-1,0,0,2,59,61,10,0,67,61.36,0,-11,-24,-1002
12.45061612,0,1,-1,0,0,2,59,61,10,0,67,61.37,0,-13,-24,-1000
12.53237987,0,1,-1,0,0,1,59,61,10,0,67,61.36,0,-14,-24,-1003
12.62024403,0,1,-1,0,0,0,59,61,10,0,67,61.34,0,-11,-26,-1001
12.67109394,0,1,-1,0,0,0,59,61,10,0,67,61.34,0,-11,-26,-1001
12.74141002,0,1,-1,0,0,0,59,61,10,0,67,61.36,0,-13,-24,-1003
12.82920814,0,1,-1,0,0,0,59,61,10,0,67,61.35,0,-12,-24,-1001
12.92453098,0,1,-1,0,0,0,59,61,10,0,67,61.39,0,-12,-24,-1003
12.98180199,0,1,-1,0,0,0,59,61,10,0,67,61.39,0,-12,-24,-1003
13.03728986,0,1,-1,0,0,0,59,61,10,0,67,61.37,0,-13,-25,-1000
13.09014893,0,1,-1,0,0,0,59,62,10,0,67,61.36,0,-12,-24,-1003
13.18567991,0,1,-1,0,0,0,59,62,10,0,67,61.36,0,-12,-24,-1003
13.27412987,0,1,-1,0,0,0,59,62,10,0,67,61.34,0,-13,-23,-1002
13.36879206,0,1,-1,0,0,0,59,62,10,0,67,61.34,0,-22,-32,-1000
13.43336701,0,1,-1,0,0,0,59,62,10,0,67,61.34,0,-9,-20,-1000
13.50303388,0,1,-1,0,0,0,59,62,10,0,67,61.34,0,-25,-23,-1006
13.59218574,0,1,-1,0,0,0,59,62,10,0,67,61.34,0,-25,-23,-1006
13.66648197,0,1,-1,0,0,0,59,62,10,0,67,61.34,0,24,-12,-1007
13.75122595,-1,0,-1,0,0,0,59,62,10,0,67,61.34,0,-6,-20,-1055
13.81411099,-1,-1,-1,0,0,-1,59,62,18,0,67,61.34,0,-22,6,-1187
13.88357997,-1,-1,-1,0,0,-1,59,62,18,0,67,61.34,0,-22,6,-1187
13.95167994,-1,-1,-1,0,0,-4,59,62,19,0,67,61.34,0,-2,-6,-1358
13.99668717,-1,-1,-1,0,0,-4,59,62,19,0,67,61.34,0,-2,-6,-1358
14.05985785,-1,0,0,0,0,-7,59,62,19,10,67,61.47,0,10,-11,-1208
14.10441089,-1,0,0,0,0,-7,59,62,19,10,67,61.47,0,10,-11,-1208
14.19190502,0,0,0,0,0,-8,60,62,19,10,67,61.77,0,2,-9,-1304
14.2705369,0,0,0,0,0,-8,60,62,25,20,67,61.76,0,16,4,-1087
14.33740115,0,0,0,0,0,-7,60,62,32,30,67,61.9,1,56,-5,-1007
14.44565082,0,0,0,0,0,-6,60,62,39,30,67,61.94,1,26,4,-945
14.50667381,0,0,0,0,0,-5,60,62,46,40,67,62.05,1,21,17,-922
14.56841707,0,0,0,0,0,-5,60,62,46,40,67,62.05,1,21,17,-922
14.64886498,0,0,0,2,0,-4,60,62,51,40,67,62.1,1,29,16,-894
14.72885299,3,0,-1,3,0,-3,60,62,55,40,67,62.08,1,37,28,-902
14.799191,6,0,-1,2,0,-2,60,62,59,50,67,62.12,1,41,14,-907
14.87863612,6,0,-1,1,0,-2,60,62,61,50,67,62.04,1,33,0,-949
14.97268105,6,0,-1,1,0,-2,60,62,61,50,67,62.04,1,33,0,-949
15.05878997,5,0,-1,0,0,-1,60,62,63,50,67,62.07,1,13,29,-957
15.14758611,4,0,-1,0,0,-1,60,62,65,50,67,62.15,1,35,34,-985
15.24952602,3,0,-1,0,0,-1,60,62,67,50,67,62.15,1,44,24,-1000
15.31187201,3,0,-1,0,0,-1,60,62,69,50,67,62.15,2,55,-3,-1018
15.37397099,3,0,-1,0,0,-1,60,62,69,50,67,62.15,2,55,-3,-1018
15.45728207,3,-1,-1,0,0,-1,60,62,70,60,67,62.27,2,71,-21,-975
15.5635519,3,-1,-1,0,0,-1,60,62,70,60,67,62.27,2,71,-21,-975
15.63213396,3,0,-1,0,0,-1,60,62,71,60,67,62.28,2,39,7,-965
15.69149685,3,0,-1,0,0,-1,60,62,75,60,67,62.3,2,48,-20,-1005
15.76698184,3,0,-1,0,0,-1,60,62,75,60,67,62.3,2,48,-20,-1005
15.83788109,3,0,-1,0,0,-1,60,62,75,60,67,62.3,2,48,-20,-1005
15.92570996,3,0,-1,0,0,-1,60,62,75,60,67,62.3,2,48,-20,-1005
16.01748705,3,0,-1,0,0,-1,60,62,75,60,67,62.3,2,48,-20,-1005
16.10337687,3,0,-1,0,0,-1,60,62,77,60,67,62.28,2,57,-10,-989
16.17835593,3,0,-1,0,0,-1,60,62,77,60,67,62.28,2,57,-10,-989
16.25985003,2,0,-1,0,0,0,61,62,82,70,67,62.28,2,68,1,-999
16.33249688,2,0,-1,0,0,0,61,62,82,70,67,62.28,2,68,1,-999
16.39737201,2,0,-1,0,0,0,61,62,82,70,67,62.28,2,68,1,-999
16.46198702,2,0,-1,0,0,0,61,62,82,70,67,62.28,2,68,1,-999
16.52709889,2,-1,-1,0,0,0,61,62,84,70,67,62.25,3,37,21,-989
16.59391904,2,-1,-1,0,0,0,61,62,84,70,67,62.25,3,37,21,-989
16.68099189,2,-1,-1,0,0,0,61,62,84,70,67,62.25,3,37,21,-989
16.77789998,2,-1,-2,0,0,0,61,62,84,70,67,62.27,3,41,34,-980
16.86001587,2,-1,-2,0,0,0,61,62,84,70,67,62.27,3,41,34,-980
16.94880486,2,-1,-2,0,0,0,61,62,84,70,67,62.27,3,41,34,-980
17.01451802,2,-1,-2,0,0,0,61,62,84,70,67,62.34,3,45,25,-1003
17.08215284,2,-1,-2,0,0,0,61,62,84,70,67,62.34,3,45,25,-1003
17.16596794,2,-2,-1,0,0,0,61,62,83,70,67,62.28,3,49,25,-996
17.23533297,2,-2,-1,0,0,0,61,62,83,70,67,62.28,3,49,25,-996
17.3405261,2,-2,-1,0,0,0,61,62,83,70,67,62.21,3,39,35,-1006
17.43625093,2,-2,-1,0,0,0,61,62,83,70,67,62.21,3,39,35,-1006
17.52954602,2,-2,-1,0,0,0,61,62,82,70,67,62.28,4,52,22,-1007
17.59714508,2,-2,-1,0,0,0,61,62,82,70,67,62.28,4,52,22,-1007
17.66701484,2,-2,-1,0,0,0,61,62,82,70,67,62.28,4,52,22,-1007
17.76939297,2,-2,-1,0,0,0,61,62,82,70,67,62.28,4,52,22,-1007
17.86484599,2,-2,-1,0,0,0,61,62,82,70,67,62.28,4,52,22,-1007
17.95243812,2,-1,-1,0,0,0,61,62,82,70,67,62.28,4,47,24,-1011
18.02983499,2,-1,-1,0,0,0,61,62,80,70,67,62.23,4,55,20,-997
18.09929013,2,-1,-1,0,0,0,61,62,80,70,67,62.23,4,55,20,-997
18.19032407,2,-1,-1,0,0,0,61,62,80,70,67,62.23,4,55,20,-997
18.27308297,2,-1,-1,0,0,0,61,62,80,70,67,62.23,4,55,20,-997
18.33645582,2,-1,-1,0,0,0,61,63,79,70,67,62.24,5,66,16,-996
18.44105005,2,-1,-1,0,0,0,61,63,79,70,67,62.24,5,66,16,-996
18.53676605,2,-1,-1,0,0,0,61,63,81,70,67,62.18,5,65,10,-998
18.61852217,2,-1,-1,0,0,0,61,63,81,70,67,62.18,5,65,10,-998
18.68002415,3,-1,-1,0,0,0,61,63,81,70,67,62.18,5,62,33,-997
18.73520589,3,-1,-1,0,0,0,61,63,81,70,67,62.18,5,62,33,-997
18.82090592,3,-1,-1,0,0,0,61,63,79,70,67,62.26,5,47,37,-991
18.87360096,3,-1,-1,0,0,0,61,63,80,70,67,62.24,5,82,12,-1009
18.9667058,3,-1,-1,0,0,0,61,63,81,70,67,62.28,5,76,23,-983
19.05662394,3,-1,-1,0,0,0,61,63,80,70,67,62.25,5,62,29,-979
19.12100983,3,-1,-1,0,0,0,61,63,81,70,67,62.18,5,48,37,-981
19.22091603,3,-1,-2,0,0,0,61,63,82,70,67,62.27,5,59,40,-1002
19.31475997,3,-1,-2,0,0,0,61,63,80,70,67,62.25,6,45,45,-1018
19.4010241,3,-1,-2,0,0,0,61,63,80,70,67,62.25,6,45,45,-1018
19.47109795,3,-1,-1,0,0,0,61,63,81,70,67,62.24,6,47,47,-986
19.55784297,2,-2,-1,0,0,0,61,63,80,70,67,62.18,6,53,26,-982
19.56883311,2,-2,-1,0,0,0,61,63,80,70,67,62.18,6,53,26,-982
19.57987618,2,-2,-1,0,0,0,61,63,80,70,67,62.18,6,53,26,-982
19.5924809,2,-2,-1,0,0,0,61,63,80,70,67,62.18,6,53,26,-982
19.60379386,2,-2,-1,0,0,0,61,63,80,70,67,62.18,6,53,26,-982
19.61551905,2,-2,-1,0,0,0,61,63,83,70,67,62.27,6,47,46,-991
19.63433194,2,-2,-1,0,0,0,61,63,83,70,67,62.27,6,47,46,-991
19.68437195,2,-2,-1,0,0,0,61,63,83,70,67,62.27,6,47,46,-991
19.74054193,2,-2,-1,0,0,0,61,63,82,70,67,62.26,6,46,49,-1007
19.83346796,2,-2,-1,0,0,0,61,63,81,70,67,62.3,6,50,37,-1007
19.91896915,2,-2,-1,0,0,0,61,63,81,70,67,62.3,6,50,37,-1007
19.980896,2,-2,-1,0,0,0,61,63,82,70,67,62.22,6,52,23,-1018
20.04030299,1,4,-1,0,0,0,61,63,82,70,67,62.21,6,52,54,-985
20.12756991,2,6,-1,0,1,0,61,64,82,70,67,62.23,6,41,33,-993
20.18369985,2,6,-1,0,1,0,61,64,82,70,67,62.23,6,41,33,-993
20.2413702,2,5,-1,0,3,0,61,64,81,70,67,62.26,6,52,29,-999
20.34164786,2,4,-1,0,4,0,61,64,82,70,67,62.18,7,41,28,-1017
20.43400407,1,3,-1,0,5,0,61,64,83,70,67,62.24,7,47,10,-1004
20.49695802,1,3,-1,0,5,0,61,64,83,70,67,62.24,7,47,10,-1004
20.55092716,1,2,-1,0,5,0,61,64,81,70,67,62.18,7,24,15,-1009
20.62969804,1,2,-1,0,6,0,61,64,80,70,67,62.19,7,44,-8,-1002
20.73373008,1,2,-1,0,6,0,61,64,83,70,67,62.24,7,57,-11,-1012
20.79662108,1,2,-1,0,6,0,61,64,83,70,67,62.24,7,57,-11,-1012
20.87982106,2,1,-1,0,7,0,61,64,81,70,67,62.18,7,47,-4,-1008
20.95479488,2,1,-1,0,7,0,61,64,82,70,67,62.18,7,29,-15,-994
21.06604099,2,1,-1,0,7,0,61,64,84,70,67,62.22,7,58,-39,-987
21.10764694,2,1,-1,0,7,0,61,64,84,70,67,62.22,7,58,-39,-987
21.18067694,2,1,-1,0,7,0,62,63,84,70,67,62.16,7,38,-14,-989
21.27690005,2,1,-1,0,7,0,62,63,84,70,67,62.22,8,55,-35,-1000
21.35212994,2,1,-1,0,7,0,62,63,84,70,67,62.22,8,55,-35,-1000
21.40730906,2,1,-1,0,7,0,62,63,85,70,67,62.18,8,48,-25,-990
21.48244309,2,1,-1,0,8,0,62,63,86,70,67,62.15,8,34,-8,-1005
21.53737402,2,1,-1,0,8,0,62,63,86,70,67,62.15,8,34,-8,-1005
21.62137699,2,1,-1,0,8,0,62,63,85,70,67,62.13,8,55,-24,-987
21.68031383,2,1,-1,0,8,0,62,63,85,70,67,62.16,8,35,-3,-1004
21.75366497,2,0,-1,0,8,0,62,63,84,70,67,62.16,8,63,-21,-984
21.80268502,2,0,-1,0,8,0,62,63,84,70,67,62.16,8,63,-21,-984
21.890522,2,0,-1,0,8,0,62,63,83,70,67,62.13,8,42,-14,-993
21.97371912,3,0,-1,0,8,0,62,63,83,70,67,62.19,8,44,-8,-985
22.05555606,3,0,-1,0,8,0,62,63,83,70,67,62.09,8,44,4,-997
22.12919903,3,0,-1,0,8,0,62,63,83,70,67,62.09,8,44,4,-997
22.23150682,3,0,-1,0,8,0,62,65,84,70,67,62.12,8,45,10,-1011
22.2880578,3,0,-1,0,8,0,62,65,83,70,67,62.14,9,51,-6,-1000
22.36802602,3,0,-1,0,8,0,62,65,83,70,67,62.1,9,50,-18,-998
22.44999981,3,0,-1,0,8,0,62,65,83,70,67,62.1,9,50,-18,-998
22.56337309,2,0,-1,0,8,0,62,65,83,70,67,62.13,9,73,-21,-1005
22.63980484,2,0,-1,0,8,0,62,65,82,70,67,62.11,9,51,-4,-988
22.71533585,2,-1,-1,0,8,0,62,65,83,70,67,62.14,9,60,-15,-1004
22.77269888,2,-4,-1,0,7,0,62,65,83,70,67,62.1,9,58,-4,-1011
22.83546901,2,-6,-1,0,7,0,62,65,83,70,67,62.12,9,66,-18,-998
22.93456483,2,-7,-1,0,6,0,62,65,82,70,67,62.08,9,48,-5,-1026
23.00969815,2,-7,-1,0,6,0,62,65,82,70,67,62.08,9,48,-5,-1026
23.10219121,2,-6,-1,0,4,0,62,65,83,70,67,62.11,9,58,5,-1000
23.21346498,2,-5,-1,0,3,0,62,63,83,70,67,62.14,9,68,6,-1014
23.2923882,2,-4,-1,0,3,0,62,63,83,70,67,62.07,10,47,28,-1006
23.36329293,2,-3,-1,0,2,0,62,63,81,70,67,62.07,10,50,39,-1005
23.43330503,2,-2,-1,0,2,0,62,63,82,70,67,62.07,10,52,14,-987
23.50067306,2,-2,-1,0,2,0,62,63,82,70,67,62.07,10,52,14,-987
23.57705712,3,-1,-1,0,1,0,62,63,80,70,67,62.12,10,47,36,-998
23.65627384,3,-2,-1,0,2,0,62,63,81,70,67,62.1,10,46,50,-997
23.73178005,3,-2,-1,0,2,0,62,63,81,70,67,62.1,10,46,50,-997
23.83578181,2,-4,-1,0,1,0,62,63,81,70,67,62.01,10,49,43,-994
23.93806887,2,-5,-1,0,1,0,62,63,82,70,67,62.12,10,63,38,-1003
23.9613061,3,-4,-1,0,0,0,62,63,80,70,67,62.16,10,54,71,-1011
23.97328901,3,-4,-1,0,0,0,62,63,80,70,67,62.16,10,54,71,-1011
23.98572397,3,-4,-1,0,0,0,62,63,80,70,67,62.16,10,54,71,-1011
24.02424812,3,-4,-1,0,0,0,62,63,80,70,67,62.16,10,54,71,-1011
24.07958508,3,-3,-1,0,0,0,62,63,80,70,67,62.19,10,80,31,-988
24.16224313,3,-2,-1,0,0,0,62,64,82,70,67,62.25,10,52,49,-981
24.26380587,0,-3,-1,0,0,0,62,64,82,70,67,62.18,11,67,50,-1009
24.3544209,0,-3,-1,0,0,0,62,64,82,70,67,62.18,11,67,50,-1009
24.41037893,-3,-3,-1,0,0,0,62,64,82,70,67,62.23,11,65,63,-978
24.5134449,-4,-3,-1,2,0,0,62,64,82,70,67,62.18,11,42,62,-1001
24.60464096,-3,-4,-1,3,0,0,62,64,82,70,67,62.23,11,42,47,-1008
24.67063189,-3,-3,-1,4,0,0,62,64,81,70,67,62.27,11,45,46,-998
24.75053215,-3,-3,-1,4,0,0,62,64,81,70,67,62.27,11,45,46,-998
24.82418108,-2,-4,-1,5,0,0,62,64,81,70,67,62.25,11,44,33,-1020
24.90464902,-1,-3,-1,5,0,0,62,64,82,70,67,62.24,11,14,54,-996
24.97235298,-1,-3,-1,6,0,0,62,64,82,70,67,62.29,11,16,62,-993
25.05285716,-1,-3,-1,6,0,0,62,64,82,70,67,62.29,11,16,62,-993
25.12115598,-1,-3,-1,6,0,0,62,64,82,70,67,62.13,11,35,40,-986
25.22884393,0,-3,-1,6,0,0,62,65,82,70,67,62.15,11,26,39,-993
25.31053114,0,-3,-1,7,0,0,62,65,81,70,67,62.24,12,19,36,-987
25.41218615,0,-3,-1,7,0,0,62,65,81,70,67,62.17,12,14,50,-998
25.47389483,0,-3,-1,7,0,0,62,65,82,70,67,62.23,12,-4,53,-995
25.55969,0,-3,-1,7,0,0,62,65,82,70,67,62.23,12,-4,53,-995
25.63181686,0,-2,-1,7,0,0,62,65,81,70,67,62.24,12,11,35,-1005
25.71239805,0,-2,-1,7,0,0,62,65,82,70,67,62.23,12,7,35,-986
25.80688906,0,-2,-1,7,0,0,62,65,81,70,67,62.16,12,25,13,-1029
25.875741,0,-2,-1,7,0,0,62,65,81,70,67,62.16,12,25,13,-1029
25.96793485,0,-2,-1,7,0,0,62,65,81,70,67,62.2,12,-6,62,-997
26.05315089,0,-2,-1,7,0,0,62,65,81,70,67,62.16,12,20,43,-975
26.11209917,0,-3,-1,8,0,0,62,65,82,70,67,62.18,12,2,59,-1003
26.19103217,0,-3,-1,8,0,0,62,65,82,70,67,62.18,12,2,59,-1003
26.29151702,0,-3,-1,8,0,0,63,65,80,70,67,62.19,12,20,39,-1003
26.39131689,0,-3,-1,8,0,0,63,65,81,70,67,62.17,13,18,52,-999
26.46842003,0,-3,-1,8,0,0,63,65,82,70,67,62.14,13,-3,62,-1004
26.54486513,0,-3,-1,8,0,0,63,65,81,70,67,62.14,13,20,34,-1010
26.6296649,0,-3,-1,8,0,0,63,65,81,70,67,62.14,13,20,34,-1010
26.72803783,0,-3,-1,8,0,0,63,65,83,70,67,62.21,13,13,46,-1003
26.81705689,0,-3,-1,8,0,0,63,65,83,70,67,62.13,13,9,38,-1004
26.90275598,0,-3,-1,8,0,0,63,65,81,70,67,62.14,13,13,55,-991
26.99271989,0,-3,-1,8,0,0,63,65,81,70,67,62.21,13,-6,45,-1002
27.09596014,0,-3,-2,7,0,0,63,65,82,70,67,62.16,13,0,40,-997
27.18848419,0,-2,-2,7,0,0,63,65,81,70,67,62.22,13,-9,37,-984
27.26293612,2,-2,-1,7,0,0,63,65,83,70,67,62.22,14,-24,47,-1017
27.32591581,2,-2,-1,7,0,0,63,65,83,70,67,62.22,14,-24,47,-1017
27.38997889,4,-2,-1,6,0,0,63,65,82,70,67,62.17,14,-24,44,-988
27.47266412,5,-2,-1,5,0,0,63,65,81,70,67,62.19,14,-21,41,-983
27.54888201,5,-2,-1,5,0,0,63,65,81,70,67,62.19,14,-21,41,-983
27.60147309,5,-1,-1,4,0,0,63,65,82,70,67,62.18,14,23,38,-1018
27.66263604,5,-1,-1,4,0,0,63,65,82,70,67,62.18,14,23,38,-1018
27.73417282,4,-1,-1,3,0,0,63,65,81,70,67,62.26,14,17,42,-997
27.78465509,3,-2,-1,3,0,0,63,65,80,70,67,62.26,14,35,24,-988
27.87393403,3,-2,-1,3,0,0,63,65,80,70,67,62.26,14,35,24,-988
27.94304895,2,-2,0,3,0,0,63,65,81,70,67,62.19,14,4,70,-1014
28.01676702,2,-2,0,2,0,0,63,65,80,70,67,62.17,14,23,47,-1006
28.10193586,2,-1,0,2,0,0,63,65,79,70,67,62.25,14,37,41,-999
28.1705339,2,-1,0,2,0,0,63,65,79,70,67,62.25,14,37,41,-999
28.26638699,2,0,0,2,0,0,63,65,80,70,67,62.15,14,74,38,-1021
28.33175492,2,-1,0,2,0,0,63,65,79,70,67,62.27,15,48,44,-967
28.44241881,4,-3,0,2,0,0,63,65,80,70,67,62.11,15,96,11,-1005
28.52259612,7,-2,0,2,0,0,63,65,82,70,67,62.03,15,20,61,-1040
28.60019207,8,-2,-1,1,0,0,63,65,81,70,67,62.25,15,27,63,-1037
28.63676596,8,-2,-1,1,0,0,63,65,81,70,67,62.25,15,27,63,-1037
28.64821506,8,-2,-1,1,0,0,63,65,81,70,67,62.25,15,27,63,-1037
28.66061378,8,-2,-1,1,0,0,63,65,81,70,67,62.25,15,27,63,-1037
28.67160702,8,-2,-1,1,0,0,63,65,81,70,67,62.25,15,27,63,-1037
28.71621394,5,-2,-1,0,0,0,63,65,80,70,67,62.31,15,21,50,-1026
28.75575185,5,-2,-1,0,0,0,63,65,80,70,67,62.31,15,21,50,-1026
28.834409,3,-3,-1,0,0,0,63,65,80,70,67,62.24,15,23,17,-1018
28.89401293,3,-3,-1,0,0,0,63,65,80,70,67,62.24,15,23,17,-1018
28.95387912,2,-2,-1,0,0,0,63,65,81,70,67,62.14,15,53,15,-975
29.04187012,0,0,-1,0,0,0,63,65,80,70,67,62.1,15,71,31,-1005
29.10383892,-1,3,-1,0,0,0,63,65,81,70,67,62.35,15,23,42,-963
29.19215894,-1,3,-1,0,0,0,63,65,81,70,67,62.35,15,23,42,-963
29.28560996,-2,3,-1,1,1,0,63,65,81,70,67,62.4,15,55,25,-1006
29.34109998,-3,2,-1,1,2,0,63,65,80,70,67,62.46,16,39,36,-975
29.39916801,-3,2,-1,1,2,0,63,65,80,70,67,62.46,16,39,36,-975
29.49260116,-2,1,-2,2,2,0,63,65,81,70,67,62.75,16,3,52,-952
29.57057405,-1,0,-2,3,3,0,63,65,79,70,67,62.98,16,45,13,-964
29.62546778,-1,0,-1,3,3,0,63,65,81,70,67,62.77,16,30,15,-1002
29.71482396,-2,1,-1,3,3,0,63,65,82,70,67,62.49,16,-7,11,-987
29.80396104,-2,1,-1,3,3,0,63,65,82,70,67,62.49,16,-7,11,-987
29.89716721,0,3,-1,4,3,0,63,65,80,60,67,62.34,16,-13,0,-1017
29.98897195,0,2,-1,3,4,0,63,65,80,60,67,62.38,16,-14,-15,-1034
30.0446558,0,2,-1,3,4,0,63,65,80,60,67,62.38,16,-14,-15,-1034
30.137954,-2,1,-1,4,4,0,63,65,82,60,67,62.34,16,-46,-4,-1014
30.20106006,-2,1,-1,4,4,0,63,65,82,60,67,62.34,16,-46,-4,-1014
30.30759811,-2,0,-1,4,4,0,63,65,83,70,67,62.19,16,-29,-7,-984
30.39626288,-2,1,-1,4,4,0,63,65,85,70,67,62.32,17,-10,-41,-971
30.48463011,-1,1,-1,4,4,0,63,65,88,70,67,62.26,17,-25,-8,-1000
30.539042,-1,1,-1,4,4,0,63,65,88,70,67,62.26,17,-25,-8,-1000
30.63919902,-1,1,-1,5,4,0,63,65,88,70,67,62.28,17,-15,-34,-978
30.70769691,-1,1,-1,4,5,0,63,65,88,70,67,62.34,17,-47,-1,-968
30.79007792,-1,1,-1,4,5,0,63,65,90,70,67,62.4,17,-39,-13,-967
30.88456082,-2,0,-2,4,5,0,63,65,88,70,67,62.44,17,-27,-12,-977
30.9646039,-2,0,-2,4,5,0,63,65,88,70,67,62.44,17,-27,-12,-977
31.04719806,-2,0,-2,5,5,0,63,65,89,70,67,62.38,17,-23,-2,-991
31.15241909,-2,0,-2,5,5,0,63,65,90,70,67,62.42,17,-12,-29,-987
31.223068,-1,0,-2,5,5,0,63,66,90,70,67,62.33,17,-18,-25,-970
31.2585969,-1,0,-2,5,5,0,63,66,90,70,67,62.33,17,-18,-25,-970
31.33628583,0,0,-2,5,4,0,63,66,89,70,67,62.35,18,-18,-39,-964
31.44856405,0,1,-2,6,4,0,63,66,89,70,67,62.39,18,13,-57,-1001
31.5412271,0,2,-1,6,4,0,63,66,89,70,67,62.38,18,0,-44,-1001
31.63673401,0,3,-1,6,4,0,63,66,88,70,67,62.31,18,-11,-28,-999
31.72237015,0,2,-1,6,4,0,63,66,88,70,67,62.34,18,6,-45,-980
31.81308889,0,2,-1,6,4,0,63,66,88,70,67,62.29,18,-12,-23,-998
31.91499186,0,2,-1,6,4,0,63,66,88,70,67,62.29,18,-12,-23,-998
32.01318407,0,2,-1,6,5,0,63,66,85,70,67,62.31,18,1,-13,-996
32.08185387,0,2,-1,6,5,0,63,66,85,70,67,62.31,18,1,-13,-996
32.18039298,0,1,-1,5,5,0,63,66,82,70,67,62.32,18,7,-38,-1012
32.24404597,0,1,-1,5,5,0,64,66,83,70,67,62.28,18,-11,-27,-992
32.30751801,0,1,-1,5,5,0,64,66,83,70,67,62.28,18,-11,-27,-992
32.403023,0,1,-1,5,5,0,64,66,81,70,67,62.29,19,-11,-14,-1007
32.49312782,0,1,-1,5,5,0,64,66,81,70,67,62.28,19,-11,-12,-996
32.59230494,0,0,-1,5,5,0,64,66,80,70,67,62.3,19,-20,-28,-1004
32.66435409,0,0,-1,5,5,0,64,66,80,70,67,62.29,19,-2,-41,-980
32.75479913,0,1,-1,5,5,0,64,66,79,70,67,62.29,19,-35,-21,-1012
32.81754899,0,1,-1,5,5,0,64,66,79,70,67,62.29,19,-35,-21,-1012
32.90047216,0,1,-1,5,5,0,64,66,79,70,67,62.34,19,-35,-9,-1006
32.97888303,-1,1,-1,5,5,0,64,66,78,70,67,62.32,19,-15,-44,-1010
33.06204391,-1,1,-1,5,5,0,64,66,78,70,67,62.34,19,-21,-50,-997
33.13667393,0,1,-1,5,4,0,64,66,78,70,67,62.29,19,-7,-37,-996
33.22382903,0,1,-1,5,4,0,64,66,78,70,67,62.29,19,-7,-37,-996
33.30059385,0,2,-1,5,4,0,64,66,77,60,67,62.31,19,-7,-40,-1007
33.3635819,0,2,-1,5,4,0,64,66,77,60,67,62.23,20,-7,-47,-1020
33.44243789,0,2,-1,5,4,0,64,66,77,60,67,62.23,20,-7,-47,-1020
33.54381585,0,2,-1,5,4,0,64,66,78,60,67,62.24,20,7,-51,-1017
33.628407,0,2,-1,5,4,0,64,66,77,60,67,62.27,20,-6,-45,-1017
33.70652795,0,1,-1,5,4,0,64,66,78,60,67,62.32,20,21,-55,-1031
33.76277995,0,2,-1,6,4,0,64,66,78,60,67,62.33,20,-10,-60,-1014
33.8069911,0,2,-1,6,4,0,64,66,78,60,67,62.33,20,-10,-60,-1014
33.89503789,0,4,-1,6,4,0,64,66,80,70,67,62.29,20,24,-54,-999
33.96860099,0,4,-1,6,4,0,64,66,80,70,67,62.29,20,24,-54,-999
34.0560751,0,3,-1,6,4,0,64,66,81,70,67,62.29,20,18,-66,-1005
34.104599,1,3,-1,6,4,0,64,66,80,70,67,62.34,20,7,-49,-989
34.18470287,1,3,-1,6,4,0,64,66,80,70,67,62.34,20,7,-49,-989
34.26199508,2,3,-1,6,4,0,64,67,80,70,67,62.41,20,41,-68,-1004
34.32495308,1,3,-1,6,4,0,64,67,81,70,67,62.33,21,14,-34,-1025
34.40276718,1,3,-1,6,4,0,64,67,81,70,67,62.33,21,14,-34,-1025
34.51002192,1,2,-1,6,5,0,64,67,81,70,67,62.22,21,18,-38,-995
34.592278,1,2,-1,6,5,0,64,67,81,70,67,62.22,21,18,-38,-995
34.68638492,0,2,-1,5,5,0,64,67,80,70,67,62.19,21,31,-44,-1010
34.77836394,0,2,-1,6,5,0,64,67,80,70,67,62.26,21,4,-23,-987
34.85301805,1,1,-1,6,5,0,64,67,81,70,67,62.19,21,36,-61,-1012
34.9254899,1,1,-1,6,5,0,64,67,82,70,67,62.39,21,24,-55,-999
35.00116611,1,1,-1,6,5,0,64,67,82,70,67,62.39,21,24,-55,-999
35.11303306,2,2,-1,6,5,0,64,67,82,70,67,62.32,21,22,-44,-970
35.23239303,2,3,-1,6,5,0,64,67,81,70,67,62.39,21,26,-60,-994
35.30319691,2,3,-1,6,5,0,64,67,81,70,67,62.39,21,26,-60,-994
35.37426996,1,3,-1,6,5,0,64,67,80,70,67,62.45,22,34,-72,-1017
35.4546628,1,3,-1,5,5,0,64,67,80,70,67,62.29,22,38,-58,-998
35.52912593,1,3,-1,5,5,0,64,67,78,70,67,62.25,22,33,-55,-993
35.57779002,1,3,-1,5,5,0,64,67,78,70,67,62.25,22,33,-55,-993
35.652179,2,3,-1,5,5,0,64,67,80,70,67,62.2,22,26,-54,-1001
35.70993209,2,3,-1,5,5,0,64,67,80,70,67,62.2,22,26,-54,-1001
35.76540279,1,3,-1,5,5,0,64,67,78,70,67,62.23,22,0,-23,-1011
35.80602384,1,3,-1,5,5,0,64,67,78,70,67,62.23,22,0,-23,-1011
35.8692801,2,2,-1,5,6,0,64,67,79,70,67,62.12,22,18,-30,-1031
35.95668888,1,1,-1,5,6,0,64,67,78,70,67,62.22,22,9,-48,-1018
36.00507402,1,1,-1,5,6,0,64,67,78,70,67,62.22,22,9,-48,-1018
36.05137801,2,1,-1,5,6,0,64,67,79,70,67,62.29,22,7,-66,-974
36.14775705,1,1,-1,5,5,0,64,67,79,70,67,62.29,22,-6,-27,-1007
36.1930449,1,1,-1,5,5,0,64,67,79,70,67,62.29,22,-6,-27,-1007
36.26868701,0,2,-1,5,5,0,65,67,79,70,67,62.24,23,9,-45,-986
36.32098103,0,2,-1,5,5,0,65,67,79,70,67,62.24,23,9,-45,-986
36.38952589,0,2,-1,5,5,0,65,67,79,70,67,62.21,23,30,-59,-1001
36.44149184,1,2,-1,5,5,0,65,67,79,70,67,62.26,23,33,-46,-988
36.53526187,1,2,-1,5,5,0,65,67,79,70,67,62.26,23,33,-46,-988
36.61788201,1,1,-1,5,5,0,65,67,80,70,67,62.26,23,6,-35,-1008
36.68038201,1,1,-1,5,5,0,65,67,80,70,67,62.22,23,-1,-48,-1016
36.74601293,1,1,-1,5,5,0,65,67,80,70,67,62.22,23,-1,-48,-1016
36.82087088,1,3,-1,5,5,0,65,67,79,70,67,62.27,23,17,-68,-1020
36.91378903,1,4,-1,5,5,0,65,67,78,70,67,62.28,23,6,-32,-1001
36.98288894,1,2,-1,5,6,0,65,67,79,70,67,62.23,23,9,-15,-1000
37.05901217,1,2,-1,5,6,0,65,67,79,70,67,62.23,23,9,-15,-1000
37.12999511,1,1,-1,5,6,0,65,67,78,70,67,62.13,23,22,-32,-987
37.19896078,1,1,-1,5,6,0,65,67,79,70,67,62.09,23,45,-40,-989
37.26498675,2,1,-1,5,6,0,65,67,78,70,67,62.18,24,27,-32,-996
37.34627604,2,1,-1,5,6,0,65,67,78,70,67,62.18,24,27,-32,-996
37.41197896,2,1,-1,5,6,0,65,67,79,60,67,62.15,24,26,-43,-999
37.499336,2,2,-1,5,6,0,65,67,78,60,67,62.12,24,25,-34,-993
37.56579614,2,2,-1,5,6,0,65,67,78,60,67,62.12,24,25,-34,-993
37.67424583,3,2,-1,5,6,0,65,67,77,60,67,62.16,24,41,-18,-1003
37.75061297,5,0,-1,5,6,0,65,67,77,60,67,62.21,24,41,-41,-1002
37.8238039,6,-1,-1,4,5,0,65,67,78,60,67,62.22,24,38,-40,-994
37.88418007,6,-1,-1,4,5,0,65,67,78,60,67,62.22,24,38,-40,-994
37.96478891,7,-3,-1,4,5,0,65,67,79,60,67,62.22,24,25,-21,-1012
38.06716895,7,-3,-1,3,4,0,65,67,78,60,67,62.23,24,23,-51,-1008
38.14184403,6,-1,-1,2,3,0,65,67,79,60,67,62.2,24,20,-39,-1026
38.21462393,6,-1,-1,2,3,0,65,67,79,60,67,62.2,24,20,-39,-1026
38.28016901,5,0,-1,1,2,0,65,68,78,60,67,62.15,25,75,-38,-1002
38.36929584,5,0,-1,1,2,0,65,68,79,60,67,62.18,25,85,-48,-1006
38.45593905,5,1,-1,1,2,0,65,68,78,60,67,62.22,25,98,-44,-989
38.50444484,5,1,-1,1,2,0,65,68,78,60,67,62.22,25,98,-44,-989
38.56622601,6,2,-1,1,1,0,65,68,80,60,67,62.11,25,88,-31,-976
38.66582799,6,1,-1,1,1,0,65,68,80,60,67,62.23,25,104,-38,-985
38.74033999,6,1,-1,1,2,0,65,68,81,60,67,62.22,25,93,-38,-981
38.80830479,6,1,-1,1,2,0,65,68,81,60,67,62.22,25,93,-38,-981
38.87019491,6,-3,-1,1,1,0,65,68,80,70,67,62.26,25,70,-17,-999
38.95534992,5,-3,-1,0,0,0,65,68,81,70,67,62.25,25,82,-51,-998
38.99735403,5,-3,-1,0,0,0,65,68,81,70,67,62.25,25,82,-51,-998
39.00877213,5,-3,-1,0,0,0,65,68,81,70,67,62.25,25,82,-51,-998
39.02000785,5,-3,-1,0,0,0,65,68,81,70,67,62.25,25,82,-51,-998
39.03106785,5,-3,-1,0,0,0,65,68,81,70,67,62.25,25,82,-51,-998
39.04311609,5,-3,-1,0,0,0,65,68,81,70,67,62.25,25,82,-51,-998
39.08533287,5,-1,-1,0,0,0,65,68,82,70,67,62.19,25,83,-19,-1011
39.1613791,4,0,-1,0,0,0,65,68,82,70,67,62.23,25,74,-32,-1001
39.22550988,4,0,-1,0,0,0,65,68,82,70,67,62.23,25,74,-32,-1001
39.31150579,4,0,-1,0,0,0,65,67,82,70,67,62.11,26,84,-21,-987
39.39909792,8,0,-1,0,0,0,65,67,85,70,67,62.08,26,80,-26,-994
39.4689548,8,0,-1,0,0,0,65,67,86,70,67,62.16,26,67,-11,-988
39.55632091,8,0,-1,-1,0,0,65,67,84,70,67,62.18,26,109,-45,-1010
39.62384582,8,0,-1,-1,0,0,65,67,84,70,67,62.18,26,109,-45,-1010
39.70998096,9,0,-1,-1,0,0,65,67,85,70,67,62.22,26,64,-18,-990
39.78884983,9,0,-1,-2,0,0,65,67,85,70,67,62.12,26,72,-45,-963
39.87694001,8,0,-1,-3,0,0,65,67,84,70,67,62.26,26,41,-27,-996
39.97691703,8,1,-1,-4,0,0,65,67,84,70,67,62.18,26,79,-43,-1010
40.06918502,8,2,-1,-5,0,0,65,67,84,70,67,62.18,26,92,-44,-1010
40.14930511,8,2,-1,-5,0,0,65,67,84,70,67,62.18,26,92,-44,-1010
40.22269011,8,2,-1,-5,0,0,65,67,84,70,67,62.08,26,84,-13,-979
40.28984976,8,1,-1,-6,0,0,66,68,85,70,67,62.11,27,80,-15,-1011
40.35566378,8,1,-1,-6,0,0,66,68,85,70,67,62.11,27,80,-15,-1011
40.4492569,8,1,-1,-6,0,0,66,68,84,70,67,62.19,27,107,-31,-971
40.52470875,7,1,-1,-7,0,0,66,68,83,70,67,62.27,27,128,-25,-997
40.60934806,7,1,-1,-7,0,0,66,68,83,70,67,62.29,27,139,-41,-987
40.69723296,8,2,-1,-6,0,0,66,68,84,70,67,62.28,27,137,-60,-993
40.75100708,8,2,-1,-6,0,0,66,68,84,70,67,62.28,27,137,-60,-993
40.81247091,8,2,-1,-6,0,0,66,68,84,70,67,62.26,27,152,-50,-967
40.88452411,8,2,-1,-6,0,0,66,68,84,70,67,62.29,27,125,-54,-964
40.96730185,8,2,-1,-6,0,0,66,68,84,70,67,62.29,27,125,-54,-964
41.03735805,8,2,-1,-6,0,0,66,68,84,70,67,62.32,27,111,-19,-963
41.12746286,8,2,-1,-7,0,0,66,68,85,70,67,62.25,27,137,-41,-998
41.1718111,8,2,-1,-7,0,0,66,68,84,70,67,62.28,27,133,-40,-991
41.24398994,8,2,-1,-7,0,0,66,68,84,70,67,62.28,27,133,-40,-991
41.30592299,8,2,-1,-7,0,0,66,69,83,70,67,62.23,28,152,-44,-1010
41.36869502,8,2,-1,-7,0,0,66,69,81,70,67,62.21,28,135,-37,-986
41.42353892,8,2,-1,-7,0,0,66,69,81,70,67,62.21,28,135,-37,-986
41.48784494,8,2,-1,-7,0,0,66,69,81,70,67,62.23,28,109,-26,-966
41.56739402,7,1,-1,-7,0,0,66,69,79,70,67,62.18,28,125,-31,-997
41.61814594,7,1,-1,-7,0,0,66,69,79,70,67,62.18,28,125,-31,-997
41.69966102,7,1,-1,-7,0,0,66,69,79,70,67,62.09,28,130,-20,-1003
41.75594497,7,1,-1,-7,0,0,66,69,79,70,67,62.05,28,125,-31,-995
41.85121894,7,1,-1,-7,0,0,66,69,79,70,67,62.01,28,164,-40,-993
41.91898394,7,1,-1,-7,0,0,66,69,79,70,67,62.01,28,164,-40,-993
41.97826505,7,1,-1,-7,0,0,66,69,79,70,67,61.96,28,113,-13,-973
42.06055284,8,1,-1,-7,0,0,66,69,79,60,67,62.07,28,118,-4,-977
42.16132998,7,0,-1,-7,0,0,66,69,79,60,67,62.1,28,145,-43,-1020
42.24724889,7,0,-1,-7,0,0,66,69,79,60,67,62.1,28,145,-43,-1020
42.31309581,7,1,-1,-7,0,0,67,68,78,60,67,61.94,29,109,-11,-976
42.37758207,7,1,-1,-7,0,0,67,68,80,60,67,62.06,29,148,-32,-1005
42.43754292,7,1,-1,-7,0,0,67,68,80,60,67,62.06,29,148,-32,-1005
42.53623199,7,0,-1,-8,0,0,67,68,80,60,67,62.03,29,129,-8,-1019
42.60228515,7,0,-1,-7,0,0,67,68,81,60,67,62.12,29,133,-27,-1017
42.65032601,7,0,-1,-7,0,0,67,68,81,60,67,62.12,29,133,-27,-1017
42.7316401,7,0,-1,-8,0,0,67,68,80,70,67,62.1,29,121,-27,-983
42.78037405,7,1,-1,-8,0,0,67,68,82,70,67,62.13,29,114,-20,-991
42.871521,6,1,-1,-8,0,0,67,68,82,70,67,62.13,29,142,-29,-993
42.95836282,6,1,-1,-8,0,0,67,68,82,70,67,62.13,29,142,-29,-993
43.04423499,6,0,-1,-8,0,0,67,68,80,70,67,62.04,29,115,-15,-987
43.13182592,6,1,-1,-8,0,0,67,68,82,70,67,62.19,29,114,-26,-978
43.19914699,6,1,-1,-8,0,0,67,68,82,70,67,62.21,29,99,-8,-963
43.26883101,6,1,-1,-8,0,0,67,68,82,70,67,62.21,29,99,-8,-963
43.35217309,6,1,-1,-8,0,0,67,68,85,70,67,62.02,30,123,-18,-979
43.43333697,6,1,-1,-8,0,0,67,68,86,70,67,62.02,30,126,-23,-978
43.53830886,6,0,-1,-8,0,0,67,68,85,70,67,61.94,30,102,-5,-980
43.59889197,6,0,-1,-8,0,0,67,68,85,70,67,61.99,30,104,-11,-997
43.63711381,6,0,-1,-8,0,0,67,68,85,70,67,61.99,30,104,-11,-997
43.71970415,6,0,-1,-8,0,0,67,68,87,70,67,61.91,30,148,0,-994
43.82243991,6,0,-1,-8,0,0,67,68,87,70,67,62.04,30,136,-8,-1003
43.86282396,6,0,-1,-8,0,0,67,68,87,70,67,62.04,30,136,-8,-1003
43.91673398,6,0,-1,-8,0,0,67,68,87,70,67,61.77,30,111,0,-1011
43.97224498,6,0,-1,-8,0,0,67,68,87,70,67,61.77,30,111,0,-1011
44.06127691,6,0,-1,-8,0,0,67,68,87,70,67,61.91,30,111,7,-976
44.13032079,6,0,-1,-7,0,0,67,68,89,70,67,61.97,30,111,20,-966
44.18584085,6,0,-1,-7,0,0,67,68,89,70,67,61.97,30,111,20,-966
44.25490093,6,-1,-1,-7,1,0,67,68,90,70,67,62.02,30,137,-3,-1014
44.33459902,7,-1,-1,-7,0,0,67,69,90,70,67,62.1,31,126,-5,-964
44.40605211,7,-1,-1,-7,0,0,67,69,91,70,67,61.99,31,144,-15,-1003
44.48604298,7,-1,-1,-7,0,0,67,69,91,70,67,61.99,31,144,-15,-1003
44.58790398,7,0,-1,-7,0,0,67,69,91,70,67,62.04,31,149,-11,-970
44.66128206,8,0,-1,-7,0,0,67,69,89,70,67,62.29,31,155,2,-950
44.73230696,8,0,-1,-8,0,1,67,69,89,70,67,62.26,31,106,-17,-938
44.77816916,8,0,-1,-8,0,1,67,69,89,70,67,62.26,31,106,-17,-938
44.85084605,7,0,-1,-8,0,1,67,69,87,70,67,62.25,31,141,-3,-1004
44.94294715,6,0,-1,-8,0,1,67,69,86,70,67,62.14,31,113,28,-998
45.02858996,6,0,-1,-8,0,0,67,69,83,70,67,62.12,31,145,-19,-1032
45.09567475,6,0,-1,-7,0,0,67,69,84,70,67,62.1,31,120,34,-1015
45.14529896,6,0,-1,-7,0,0,67,69,84,70,67,62.1,31,120,34,-1015
45.24584603,7,-1,-1,-7,0,0,67,69,84,70,67,61.99,31,128,40,-1020
45.30664492,7,-1,-1,-7,0,0,67,69,84,70,67,61.99,31,128,40,-1020
45.39298606,7,-3,-1,-7,0,0,67,69,84,70,67,62.08,32,109,10,-990
45.47084689,7,-1,-1,-7,0,0,67,69,84,70,67,62.14,32,117,39,-1008
45.54166508,7,-1,-1,-7,0,0,67,69,83,70,67,62,32,139,17,-1018
45.63837218,6,-3,-1,-7,0,0,67,69,84,70,67,61.98,32,127,17,-983
45.69057679,6,-3,-1,-7,0,0,67,69,84,70,67,61.98,32,127,17,-983
45.73181391,5,-3,-1,-7,0,0,67,69,85,70,67,62.04,32,138,28,-988
45.80974698,2,-2,-1,-7,0,0,67,69,84,70,67,62.08,32,121,28,-963
45.89594698,0,-1,-1,-6,0,0,67,69,84,70,67,62.09,32,109,18,-1008
45.95127702,0,-1,-1,-6,0,0,67,69,84,70,67,62.09,32,109,18,-1008
46.04266,0,0,-1,-5,0,0,67,69,84,70,67,62.06,32,94,22,-980
46.11821008,1,0,-1,-4,0,0,67,69,84,70,67,62.1,32,106,-6,-972
46.19633698,2,0,-1,-3,0,0,67,69,82,70,67,61.94,32,86,8,-1002
46.28948617,2,0,-1,-3,0,0,67,69,82,70,67,61.94,32,86,8,-1002
46.34177089,3,0,-1,-3,0,0,67,70,84,70,67,62.04,33,82,5,-958
46.41909885,4,0,-1,-3,0,0,67,70,84,70,67,61.99,33,89,-1,-975
46.46813798,4,0,-1,-3,0,0,67,70,84,70,67,61.99,33,89,-1,-975
46.53785801,4,1,-1,-2,0,0,67,70,83,70,67,61.97,33,94,13,-1002
46.60633802,3,0,-1,-2,0,0,67,70,81,70,67,62.09,33,83,-9,-984
46.70050001,2,0,-1,-2,0,0,67,70,81,70,67,62.15,33,99,-5,-1018
46.78331995,2,0,-1,-2,0,0,67,70,81,70,67,62.15,33,99,-5,-1018
46.86611676,1,0,-1,-2,0,0,67,70,81,70,67,62.05,33,72,-4,-1004
46.94109488,0,0,-1,-1,0,0,67,70,81,70,67,62.15,33,70,14,-973
47.0085361,1,0,-1,0,0,0,67,70,80,70,67,62.09,33,62,14,-1007
47.01933098,1,0,-1,0,0,0,67,70,80,70,67,62.09,33,62,14,-1007
47.03072214,1,0,-1,0,0,0,67,70,80,70,67,62.09,33,62,14,-1007
47.04148698,1,0,-1,0,0,0,67,70,80,70,67,62.09,33,62,14,-1007
47.10837293,2,0,-1,0,0,0,67,70,81,70,67,62.18,33,91,-16,-989
47.21594286,3,0,-1,0,0,0,67,70,79,70,67,62.11,33,78,-6,-1004
47.31951213,3,0,-1,0,0,0,67,69,79,70,67,62.11,34,68,14,-995
47.40839291,3,0,-1,0,0,0,67,69,79,70,67,62.11,34,68,14,-995
47.48957396,1,-3,-1,0,0,0,67,69,80,70,67,62.17,34,86,-9,-1005
47.57684779,0,-5,-1,1,0,0,67,69,80,70,67,62.19,34,105,-9,-1002
47.64715505,0,-5,-1,2,-1,0,67,69,80,70,67,62.16,34,68,14,-1019
47.67125201,0,-5,-1,2,-1,0,67,69,80,70,67,62.16,34,68,14,-1019
47.75915384,0,-5,-1,2,-2,0,67,69,79,70,67,62.18,34,59,22,-994
47.81432915,0,-5,-1,2,-2,0,67,69,79,70,67,62.18,34,59,22,-994
47.87307119,0,-4,-1,3,-3,0,67,69,80,70,67,62.15,34,71,-17,-971
47.92073917,0,-4,-1,3,-3,0,67,69,80,70,67,62.15,34,71,-17,-971
48.00615597,1,-3,-1,4,-3,0,67,69,80,70,67,62.2,34,72,-2,-989
48.10061002,2,-3,-1,4,-4,0,67,69,81,70,67,62.2,34,57,6,-990
48.19061303,2,-3,-1,4,-5,0,67,69,80,70,67,62.22,34,51,-5,-990
48.23856688,2,-1,-1,4,-5,0,67,69,80,70,67,62.27,34,37,16,-979
48.32675004,2,-1,-1,4,-5,0,67,69,80,70,67,62.27,34,37,16,-979
48.402776,1,0,-1,4,-5,0,67,69,82,70,67,62.2,35,37,-4,-1003
48.48389792,1,-1,-1,4,-5,0,67,69,80,70,67,62.2,35,31,6,-1000
48.55072594,1,0,-1,5,-5,0,67,69,80,70,67,62.25,35,27,2,-997
48.65189195,1,-1,-1,5,-5,0,67,69,80,70,67,62.29,35,18,9,-1010
48.74514008,1,-1,-1,5,-6,0,67,69,81,70,67,62.31,35,36,-15,-1001
48.81141877,1,-1,-1,5,-6,0,67,69,81,70,67,62.31,35,36,-15,-1001
48.87287092,2,0,-1,5,-6,0,67,69,79,70,67,62.32,35,32,-20,-1003
48.955091,2,0,-1,5,-6,0,67,69,80,70,67,62.26,35,16,-31,-999
49.01557612,2,0,-1,5,-6,0,67,69,80,70,67,62.26,35,16,-31,-999
49.09314513,1,0,-1,5,-6,0,67,69,81,70,67,62.3,35,42,-39,-985
49.16308618,1,1,-1,5,-7,0,67,69,80,70,67,62.4,35,18,-42,-989
49.26500702,2,1,-1,5,-7,0,67,69,81,70,67,62.31,35,4,-20,-1003
49.35443616,2,1,-1,5,-7,0,67,69,81,70,67,62.31,35,4,-20,-1003
49.4464798,1,2,-1,5,-6,0,67,70,79,70,67,62.26,36,19,-25,-979
49.52788877,0,1,-1,5,-6,0,67,70,80,70,67,62.24,36,19,-29,-999
49.60155797,0,1,-1,5,-6,0,67,70,80,70,67,62.24,36,19,-29,-999
49.68516397,1,1,-1,5,-6,0,67,70,81,70,67,62.37,36,9,-35,-1012
49.76664305,1,1,-1,5,-6,0,67,70,81,70,67,62.35,36,-4,-31,-978
49.83368182,1,1,-1,5,-6,0,67,70,80,70,67,62.36,36,18,-28,-1013
49.92052197,1,1,-1,5,-6,0,67,70,80,70,67,62.36,36,18,-28,-1013
50.00137901,1,2,-1,5,-6,0,67,70,80,70,67,62.31,36,10,-36,-1005
50.10724187,1,2,-1,5,-6,0,67,70,81,70,67,62.36,36,15,-37,-1004
50.17661786,0,2,-1,5,-6,0,67,70,80,70,67,62.36,36,14,-25,-993
50.28149986,1,2,-1,5,-6,0,67,70,80,70,67,62.41,36,15,-18,-1018
50.36375809,1,1,-1,5,-6,0,67,70,80,70,67,62.3,37,25,-32,-983
50.44816685,1,1,-1,5,-6,0,67,70,80,70,67,62.36,37,31,-27,-1002
50.5150001,1,1,-1,5,-6,0,67,70,80,70,67,62.36,37,31,-27,-1002
50.58256412,1,1,-1,5,-6,0,67,70,81,70,67,62.34,37,17,-17,-986
50.66115189,2,1,-1,5,-6,0,67,70,81,70,67,62.37,37,49,-24,-981
50.7426939,2,1,-1,5,-6,0,67,70,82,70,67,62.31,37,26,-27,-990
50.82316113,2,1,-1,5,-6,0,67,70,82,70,67,62.31,37,26,-27,-990
50.91231394,2,1,-1,5,-6,0,67,70,81,70,67,62.33,37,36,-11,-997
50.98115087,2,0,-1,5,-6,0,67,70,82,70,67,62.37,37,40,-11,-994
51.0753479,2,0,-1,5,-6,0,67,70,80,70,67,62.34,37,32,7,-1011
51.16182876,2,0,-1,6,-6,0,67,70,81,70,67,62.4,37,51,-15,-1008
51.27075601,3,0,-1,6,-6,0,67,70,81,70,67,62.46,38,39,-2,-1003
51.35563183,3,0,-1,6,-6,0,67,70,79,70,67,62.37,38,42,-16,-986
51.45267105,2,0,-1,6,-6,0,67,70,80,70,67,62.41,38,39,-28,-990
51.52817893,2,0,-1,6,-6,0,67,70,80,70,67,62.41,38,39,-28,-990
51.621732,2,1,-1,5,-6,0,67,70,80,70,67,62.44,38,32,-20,-1002
51.70071387,2,1,-1,5,-6,0,67,70,79,70,67,62.41,38,32,-42,-1002
51.76579881,2,1,-1,5,-6,0,67,70,80,70,67,62.46,38,26,-13,-1008
51.82653809,2,1,-1,5,-6,0,67,70,80,70,67,62.46,38,26,-13,-1008
51.90075493,2,1,-1,5,-6,0,67,70,80,70,67,62.47,38,30,-31,-1019
51.97329783,2,1,-1,5,-6,0,67,70,80,70,67,62.45,38,26,-13,-987
52.04686308,2,1,-1,5,-6,0,67,70,80,70,67,62.45,38,26,-13,-987
52.14088488,2,1,-1,5,-6,0,67,70,81,70,67,62.45,38,24,-20,-1016
52.24372792,2,2,-1,5,-6,0,67,70,80,70,67,62.44,38,30,-33,-1023
52.32386518,2,2,-1,5,-6,0,67,70,81,70,67,62.52,39,37,-28,-979
52.39883804,3,2,-1,5,-6,0,67,71,80,70,67,62.39,39,42,-47,-1031
52.48826694,3,2,-1,5,-6,0,67,71,79,70,67,62.48,39,39,-31,-992
52.57636786,2,2,-1,5,-6,0,67,71,81,70,67,62.5,39,40,-28,-1006
52.65936589,2,2,-1,5,-6,0,67,71,81,70,67,62.5,39,40,-28,-1006
52.75708103,2,2,-1,6,-6,0,67,71,80,70,67,62.51,39,48,-16,-991
52.80524707,3,1,-1,6,-5,0,67,71,79,70,67,62.39,39,48,-24,-999
52.84632492,3,1,-1,6,-5,0,67,71,79,70,67,62.39,39,48,-24,-999
52.92277884,3,0,-1,6,-5,0,67,71,80,70,67,62.58,39,69,-34,-983
52.9976151,3,1,-1,6,-6,0,67,71,81,70,67,62.44,39,46,-19,-999
53.051337,3,1,-1,6,-6,0,67,71,80,70,67,62.54,39,54,-15,-976
53.12391996,3,1,-1,6,-6,0,67,71,80,70,67,62.54,39,54,-15,-976
53.19158816,3,1,-1,6,-5,0,67,71,79,70,67,62.55,39,28,-12,-995
53.28876185,3,0,-1,5,-5,0,67,71,80,70,67,62.55,40,37,-17,-978
53.37836289,3,0,-1,5,-5,0,67,71,80,70,67,62.55,40,37,-17,-978
53.40752482,3,0,-1,5,-5,0,68,71,79,70,67,62.51,40,28,-8,-1016
53.49906588,2,0,-1,5,-5,0,68,71,81,70,67,62.42,40,22,-30,-1010
53.57321,2,0,-1,5,-5,0,68,71,81,70,67,62.44,40,50,-45,-994
53.65676904,2,0,-1,5,-6,0,68,71,81,70,67,62.56,40,26,-32,-1014
53.72449994,2,0,-1,5,-6,0,68,71,81,70,67,62.56,40,26,-32,-1014
53.79244184,1,0,-2,5,-6,0,68,71,81,70,67,62.56,40,0,-37,-1003
53.84473896,1,1,-2,5,-6,0,68,71,80,70,67,62.53,40,33,-36,-1004
53.94059896,1,1,-2,5,-6,0,68,71,80,70,67,62.53,40,33,-36,-1004
54.00787616,1,2,-2,5,-6,0,68,71,81,70,67,62.53,40,22,-23,-1008
54.03738284,1,2,-2,5,-6,0,68,71,81,70,67,62.53,40,22,-23,-1008
54.10328197,1,2,-2,5,-6,0,68,71,81,70,67,62.56,40,26,-32,-977
54.1920321,1,2,-2,5,-6,0,68,71,81,70,67,62.51,40,43,-28,-1003
54.2515099,1,1,-2,5,-6,0,68,71,80,70,67,62.43,41,33,-8,-1013
54.35111284,1,1,-2,5,-6,0,68,71,80,70,67,62.43,41,33,-8,-1013
54.43859005,1,1,-2,5,-5,0,68,71,82,70,67,62.5,41,60,-40,-995
54.51537895,2,0,-1,5,-5,0,68,71,84,70,67,62.57,41,43,-18,-1008
54.59006381,2,0,-1,5,-5,0,68,71,83,70,67,62.55,41,53,-19,-991
54.69707108,3,0,-1,5,-5,0,68,71,83,70,67,62.57,41,46,-17,-995
54.77103496,3,0,-1,5,-5,0,68,71,84,70,67,62.59,41,34,-10,-990
54.84960318,3,0,-1,5,-5,0,68,71,84,70,67,62.59,41,34,-10,-990
54.92145896,3,0,-1,5,-5,0,68,71,85,70,67,62.6,41,24,-5,-992
54.98921394,3,0,-1,5,-5,0,68,71,84,70,67,62.59,41,32,-18,-985
55.09658813,3,0,0,5,-6,0,68,71,84,70,67,62.59,41,11,-18,-991
55.19562197,2,0,0,5,-6,0,68,71,82,70,67,62.57,41,-3,-26,-1011
55.29696894,1,0,0,4,-6,0,68,71,82,70,67,62.58,42,24,-31,-1006
55.35634589,1,0,0,4,-6,0,68,71,82,70,67,62.58,42,24,-31,-1006
55.44050884,1,1,0,4,-6,0,68,71,82,70,67,62.6,42,19,-54,-977
55.48728991,3,3,0,4,-6,0,68,71,82,70,67,62.67,42,-24,-2,-959
55.56244993,3,3,0,4,-6,0,68,71,82,70,67,62.67,42,-24,-2,-959
55.61856198,4,6,0,4,-6,0,68,71,83,70,67,62.66,42,7,-79,-1041
55.66388512,4,6,0,4,-6,0,68,71,83,70,67,62.66,42,7,-79,-1041
55.76982188,4,6,0,3,-5,0,68,71,82,70,67,62.68,42,42,-112,-1035
55.84240198,3,7,-1,2,-5,0,68,71,81,70,67,62.69,42,43,-83,-1015
55.92085409,2,7,-1,2,-4,0,68,71,81,70,67,62.69,42,58,-95,-1015
56.01937008,2,8,-1,3,-3,0,68,71,82,70,67,62.68,42,62,-63,-983
56.10854506,2,8,-1,3,-3,0,68,71,82,70,67,62.68,42,62,-63,-983
56.19720697,5,7,-1,3,-2,0,68,71,82,70,67,62.65,42,59,-61,-962
56.27643895,5,7,-1,3,-2,0,68,71,82,70,67,62.65,42,59,-61,-962
56.36897898,7,4,-1,3,-2,0,68,71,84,70,67,62.62,43,58,-81,-1010
56.40236282,7,5,-1,2,-2,0,68,70,81,70,67,62.65,43,34,-57,-981
56.41320181,7,5,-1,2,-2,0,68,70,81,70,67,62.65,43,34,-57,-981
56.42435884,7,5,-1,2,-2,0,68,70,81,70,67,62.65,43,34,-57,-981
56.43683887,7,5,-1,2,-2,0,68,70,81,70,67,62.65,43,34,-57,-981
56.49279594,6,5,-1,2,-1,0,68,70,82,70,67,62.75,43,68,-71,-991
56.56374192,6,5,-1,2,-1,0,68,70,82,70,67,62.75,43,68,-71,-991
56.65581107,7,6,-1,1,-1,0,68,70,82,70,67,62.66,43,84,-70,-977
56.73914814,7,5,-1,1,-1,0,68,70,81,70,67,62.53,43,69,-58,-983
56.81548905,8,4,-1,1,0,0,68,70,81,70,67,62.5,43,75,-49,-1003
56.91413713,8,3,-1,0,0,0,68,70,81,70,67,62.59,43,90,-28,-1006
56.99977398,7,1,-1,0,0,0,68,70,80,70,67,62.63,43,98,-19,-1019
57.11195588,7,0,-1,0,0,0,68,70,79,70,67,62.62,43,120,-74,-996
57.19184899,8,0,-1,0,0,0,68,70,79,70,67,62.58,43,93,-59,-1026
57.28565097,8,2,-1,0,-1,0,68,70,80,70,67,62.47,44,110,-53,-1010
57.36356187,8,2,-1,0,-1,0,68,70,80,70,67,62.47,44,110,-53,-1010
57.44001007,8,2,-1,0,-1,0,69,71,81,70,67,62.48,44,116,-70,-936
57.49105597,8,2,-1,-1,-1,0,69,71,81,70,67,62.42,44,113,-85,-976
57.54167509,8,2,-1,-1,-1,0,69,71,81,70,67,62.42,44,113,-85,-976
57.63102579,8,2,-1,-1,-1,0,69,71,81,70,67,62.24,44,67,-56,-964
57.67979908,8,2,-1,-2,-1,0,69,71,82,70,67,62.71,44,67,-110,-940
57.75050187,8,2,-1,-2,-1,0,69,71,82,70,67,62.71,44,67,-110,-940
57.8171289,8,2,-1,-2,-2,0,69,71,83,70,67,62.69,44,57,-93,-997
57.93116593,8,3,-1,-3,-2,0,69,71,80,70,67,62.67,44,98,-112,-982
57.995296,7,5,-1,-4,-3,0,69,71,80,70,67,62.61,44,89,-70,-987
58.07392406,7,5,-1,-4,-3,0,69,71,80,70,67,62.61,44,89,-70,-987
58.14017892,7,5,-1,-4,-3,0,69,71,79,70,67,62.56,44,120,-79,-1048
58.21687913,7,4,-1,-4,-3,0,69,71,79,70,67,62.66,44,143,-75,-1005
58.2819829,6,5,-1,-4,-2,0,69,71,80,70,67,62.59,45,94,-69,-1022
58.35788178,6,5,-1,-4,-2,0,69,71,80,70,67,62.59,45,94,-69,-1022
58.42758703,7,4,-1,-4,-2,0,69,71,79,70,67,62.69,45,152,-100,-961
58.48136091,7,4,-1,-3,-3,0,69,71,78,70,67,62.65,45,147,-117,-977
58.56273699,7,4,-1,-3,-3,0,69,71,78,70,67,62.65,45,147,-117,-977
58.611871,7,5,-1,-3,-3,0,69,71,78,70,67,62.6,45,102,-95,-994
58.68000698,7,5,-1,-3,-3,0,69,71,78,70,67,62.6,45,102,-95,-994
58.75990987,7,5,0,-3,-3,0,69,71,80,70,67,62.65,45,74,-118,-1028
58.8373549,7,4,0,-4,-3,0,69,71,79,70,67,62.63,45,71,-104,-997
58.89991808,7,4,0,-4,-3,0,69,71,79,70,67,62.6,45,94,-90,-998
58.99941897,7,5,-1,-5,-3,0,69,71,80,70,67,62.66,45,87,-107,-977
59.04120398,7,5,-1,-5,-3,0,69,71,80,70,67,62.66,45,87,-107,-977
59.09914804,7,5,-1,-5,-3,0,69,71,80,70,67,62.66,45,68,-89,-1028
59.16205382,7,5,-1,-5,-3,0,69,71,80,70,67,62.66,45,68,-89,-1028
59.21802711,6,7,-1,-6,-3,0,69,71,80,70,67,62.68,45,96,-100,-979
59.27790999,6,7,-1,-6,-3,0,69,71,80,70,67,62.68,45,96,-100,-979
59.3379631,5,6,-1,-6,-3,0,69,71,80,70,67,62.6,46,101,-90,-1014
59.41152406,5,6,-1,-6,-2,0,69,71,81,70,67,62.57,46,75,-79,-998
59.47634292,5,6,-1,-6,-2,0,69,71,81,70,67,62.57,46,75,-79,-998
59.57508397,5,6,-1,-6,-2,0,69,71,82,70,67,62.55,46,122,-95,-1007
59.68160486,5,6,-1,-6,-2,0,69,71,82,70,67,62.7,46,103,-101,-1004
59.75865793,5,6,-1,-5,-2,0,69,71,84,70,67,62.53,46,132,-121,-1003
59.81989098,5,6,-1,-5,-1,0,69,71,85,70,67,62.54,46,137,-72,-984
59.87563014,5,6,-1,-5,-1,0,69,71,85,70,67,62.54,46,137,-72,-984
59.94726086,6,5,-1,-5,-1,0,69,71,87,70,67,62.56,46,118,-86,-928
60.00431585,6,5,-1,-5,-1,0,69,71,87,70,67,62.56,46,118,-86,-928
60.08655,7,5,-1,-5,-1,0,69,71,87,70,67,62.6,46,134,-138,-1006
60.19214702,6,5,-1,-5,-1,0,69,71,86,70,67,62.56,46,137,-105,-957
60.26632714,6,6,-1,-5,-2,0,69,71,87,70,67,62.59,46,126,-86,-980
60.32374811,6,5,-1,-5,-1,0,69,71,89,70,67,62.54,47,128,-124,-966
60.39701891,6,5,-1,-5,-1,0,69,71,89,70,67,62.54,47,128,-124,-966
60.49112916,6,6,-1,-4,-1,0,69,71,89,70,67,62.73,47,152,-98,-969
60.56099105,7,6,-1,-4,-1,0,69,71,90,70,67,62.73,47,150,-106,-945
60.66302896,7,6,-1,-4,-1,0,69,71,90,70,67,62.73,47,150,-106,-945
60.74977994,7,6,-1,-3,-1,0,69,71,91,70,67,62.64,47,124,-113,-968
60.81038594,7,6,-1,-3,-1,0,69,71,91,70,67,62.64,47,124,-113,-968
60.87502217,7,6,-1,-3,-1,0,69,71,91,70,67,62.64,47,124,-113,-968
60.9702878,7,5,-1,-3,-1,0,69,71,89,70,67,62.57,47,117,-91,-969
61.060637,7,5,-1,-3,-1,0,69,71,89,70,67,62.57,47,117,-91,-969
61.15667796,7,6,-1,-3,-1,0,69,71,89,70,67,62.66,47,131,-74,-921
61.21992707,7,6,-1,-3,-1,0,69,71,89,70,67,62.64,47,104,-35,-991
61.27048898,7,6,-1,-3,-1,0,69,71,89,70,67,62.64,47,104,-35,-991
61.37483907,7,6,-1,-3,-1,0,69,71,89,70,67,62.64,47,104,-35,-991
61.46764994,7,4,-1,-3,0,0,69,72,87,70,67,62.59,48,89,-64,-987
61.57290196,7,4,-1,-3,0,0,69,72,87,70,67,62.59,48,89,-64,-987
61.67288709,6,4,-1,-3,0,0,69,72,85,70,67,62.45,48,115,-94,-1005
61.76336312,7,4,-1,-3,0,0,69,72,86,70,67,62.61,48,115,-84,-962
61.8654511,7,4,-1,-3,0,0,69,72,86,70,67,62.61,48,115,-84,-962
61.9335041,7,5,-1,-3,0,0,69,72,85,70,67,62.67,48,89,-75,-967
62.03431702,7,6,-1,-4,0,0,69,72,84,70,67,62.57,48,109,-74,-1005
62.10128212,7,6,-1,-4,0,0,69,72,83,70,67,62.52,48,116,-69,-1009
62.16791797,7,6,-1,-4,0,0,69,72,82,70,67,62.52,48,127,-75,-996
62.25426984,7,4,-1,-4,0,0,69,72,81,70,67,62.46,48,91,-78,-1041
62.32998896,7,4,-1,-4,0,0,69,72,81,70,67,62.46,48,91,-78,-1041
62.41834402,7,4,-1,-4,0,0,69,72,81,70,67,62.46,48,91,-78,-1041
62.49501801,6,4,-1,-4,0,0,70,72,81,70,67,62.44,49,155,-90,-1006
62.58427501,6,4,-1,-4,0,0,70,72,81,70,67,62.44,49,155,-90,-1006
62.65609503,7,4,-1,-3,0,0,70,72,82,70,67,62.44,49,127,-74,-993
62.73855901,7,4,-1,-3,0,0,70,72,82,70,67,62.44,49,127,-74,-993
62.79120111,7,4,-1,-3,1,0,70,72,83,70,67,62.46,49,119,-77,-969
62.87420297,7,4,-1,-3,1,0,70,72,83,70,67,62.46,49,119,-77,-969
62.93347883,7,4,-1,-3,1,0,70,72,83,70,67,62.46,49,119,-77,-969
62.99621892,8,4,-1,-4,1,0,70,72,81,70,67,62.44,49,101,-60,-999
63.11474895,8,4,-1,-4,1,0,70,72,82,70,67,62.43,49,94,-65,-1020
63.21139693,7,4,-1,-4,1,0,70,72,82,70,67,62.45,49,115,-85,-978
63.2874701,7,4,-1,-4,1,0,70,72,82,70,67,62.45,49,115,-85,-978
63.39442587,8,4,-1,-4,1,0,70,72,81,70,67,62.44,49,108,-100,-1008
63.46308494,7,4,-1,-5,1,0,70,72,82,70,67,62.4,50,108,-91,-1011
63.55123997,7,4,-1,-5,1,0,70,72,82,70,67,62.4,50,108,-91,-1011
63.62256885,7,4,-1,-5,1,0,70,72,81,70,67,62.46,50,132,-103,-969
63.69125104,7,4,-1,-5,1,0,70,72,81,70,67,62.46,50,132,-103,-969
63.76699114,7,4,-1,-5,1,0,70,72,82,70,67,62.5,50,150,-95,-956
63.82859278,7,4,-1,-5,1,0,70,72,82,70,67,62.5,50,150,-95,-956
63.92902398,7,4,-1,-5,1,0,70,72,82,70,67,62.5,50,150,-95,-956
64.003793,7,4,-1,-5,1,0,70,72,82,70,67,62.42,50,148,-104,-962
64.04996777,7,5,-1,-5,1,0,70,72,82,70,67,62.48,50,134,-100,-958
64.11793518,7,5,-1,-5,1,0,70,72,82,70,67,62.48,50,134,-100,-958
64.15507507,7,5,-1,-4,1,0,70,72,82,70,67,62.49,50,144,-101,-985
64.23043895,7,5,-1,-4,1,0,70,72,83,70,67,62.47,50,141,-95,-999
64.34442401,7,4,-1,-4,1,0,70,72,83,70,67,62.45,51,143,-109,-967
64.41184592,7,4,-1,-4,1,0,70,72,83,70,67,62.45,51,143,-109,-967
64.49456,7,4,-1,-4,0,0,70,72,83,70,67,62.48,51,133,-105,-971
64.56620288,7,4,-1,-4,0,0,70,72,83,70,67,62.38,51,137,-125,-981
64.63914013,7,4,-1,-4,0,0,70,72,83,70,67,62.38,51,137,-125,-981
64.72916698,7,5,-1,-4,0,0,70,72,85,70,67,62.53,51,119,-120,-984
64.80532098,7,5,-1,-4,0,0,70,72,85,70,67,62.48,51,123,-98,-982
64.86985588,7,5,-1,-4,0,0,70,72,85,70,67,62.56,51,109,-103,-994
64.94477201,6,5,-1,-4,0,0,70,72,86,70,67,62.39,51,90,-105,-1002
65.03350997,7,6,0,-5,0,0,70,72,86,70,67,62.62,51,75,-69,-962
65.10641885,7,6,0,-5,0,0,70,72,86,70,67,62.62,51,75,-69,-962
65.19570088,6,5,0,-5,0,0,70,72,85,70,67,62.54,51,98,-92,-962
65.26728702,6,5,-1,-5,1,0,70,72,87,70,67,62.59,52,89,-70,-1008
65.35565114,6,5,-1,-5,1,0,70,72,86,70,66,62.5,52,108,-86,-1008
65.433007,6,5,-1,-5,1,0,70,73,87,70,66,62.51,52,117,-47,-969
65.52715182,6,5,-1,-5,1,0,70,73,87,70,66,62.51,52,117,-47,-969
65.59741378,7,5,-1,-5,1,0,70,73,87,70,66,62.58,52,148,-77,-985
65.65929604,7,5,-1,-4,1,0,70,73,88,70,66,62.53,52,154,-89,-990
65.70982814,7,5,-1,-4,1,0,70,73,88,70,66,62.53,52,154,-89,-990
65.77323008,7,5,-1,-4,1,0,70,73,86,70,66,62.59,52,127,-86,-976
65.85195184,7,4,-1,-4,1,0,70,73,87,70,66,62.46,52,113,-119,-1000
65.92577577,7,4,-1,-4,1,0,70,73,87,70,66,62.46,52,113,-119,-1000
65.99337196,7,4,-1,-4,1,0,70,73,86,70,66,62.5,52,135,-106,-993
66.07994795,6,5,-1,-4,1,0,70,73,84,70,66,62.45,52,134,-90,-998
66.14902997,7,5,-1,-4,1,0,70,73,85,70,66,62.54,52,132,-91,-978
66.24205804,7,5,-1,-4,1,0,70,73,85,70,66,62.47,53,127,-74,-996
66.33010793,7,5,-1,-4,1,0,70,73,85,70,66,62.47,53,127,-74,-996
66.39482808,7,5,-1,-4,1,0,70,73,85,70,66,62.47,53,106,-95,-978
66.44193506,7,5,-1,-4,1,0,70,73,85,70,66,62.47,53,106,-95,-978
66.52910376,7,4,-1,-4,1,0,70,73,87,70,66,62.52,53,134,-125,-994
66.62231708,7,5,-1,-4,1,0,70,73,86,70,66,62.46,53,110,-115,-972
66.70882106,6,4,-1,-4,1,0,70,73,87,70,66,62.37,53,110,-98,-1011
66.77644396,6,5,-1,-4,1,0,70,73,89,70,66,62.43,53,142,-101,-974
66.86855507,7,5,-1,-4,1,0,70,73,88,70,66,62.43,53,130,-123,-975
66.93091106,7,5,-1,-4,1,0,70,73,88,70,66,62.43,53,130,-123,-975
67.03613687,6,6,-1,-5,1,0,70,73,88,70,66,62.56,53,98,-112,-964
67.129493,6,5,-1,-5,1,0,70,73,90,70,66,62.44,53,93,-79,-1000
67.19165587,6,6,-1,-4,1,0,70,73,89,70,66,62.46,53,142,-97,-991
67.26431489,6,6,-1,-4,1,0,70,73,89,70,66,62.46,53,142,-97,-991
67.35361004,6,6,-1,-4,1,0,70,73,89,70,66,62.53,54,108,-79,-994
67.41372204,6,5,-1,-4,2,0,70,73,89,70,66,62.44,54,142,-104,-983
67.4747529,6,5,-1,-4,2,0,70,73,90,70,66,62.42,54,163,-86,-985
67.54659986,6,5,-1,-4,2,0,70,73,90,70,66,62.42,54,163,-86,-985
67.60882092,7,5,-1,-4,2,0,70,73,91,70,66,62.35,54,153,-106,-984
67.70042896,6,4,-1,-3,2,0,70,73,89,70,66,62.42,54,151,-99,-971
67.78024197,7,4,-1,-3,2,0,70,73,91,70,66,62.52,54,164,-111,-966
67.87304497,8,5,-1,-3,1,0,70,73,92,70,66,62.57,54,143,-101,-949
67.96590304,8,5,-1,-3,1,0,70,73,92,70,66,62.57,54,143,-101,-949
68.04336476,7,5,-1,-3,1,0,70,73,91,70,66,62.48,54,125,-97,-968
68.12024903,6,4,-1,-3,2,0,70,73,89,70,66,62.41,54,148,-85,-1000
68.19062877,5,3,-1,-2,2,0,70,73,86,70,66,62.36,54,133,-84,-983
68.26779389,5,3,-1,-2,2,0,70,73,86,70,66,62.36,54,133,-84,-983
68.34590006,6,2,-1,-2,1,0,70,73,88,70,66,62.51,55,145,-94,-964
68.40536904,6,2,-1,-1,1,0,70,73,87,70,66,62.43,55,122,-89,-993
68.48186278,6,2,-1,-1,1,0,70,73,87,70,66,62.43,55,122,-89,-993
68.54147291,7,2,-1,-2,1,0,71,73,87,70,66,62.42,55,99,-80,-994
68.59612298,6,3,-1,-2,1,0,71,73,86,70,66,62.45,55,105,-74,-995
68.66422987,6,3,-1,-2,1,0,71,73,86,70,66,62.45,55,105,-74,-995
68.74621582,6,3,-1,-2,1,0,71,73,86,70,66,62.47,55,70,-49,-984
68.81560302,6,3,-1,-2,1,0,71,73,87,70,66,62.4,55,97,-55,-1003
68.89284992,5,2,-1,-2,1,0,71,73,85,70,66,62.48,55,87,-65,-980
68.92981505,5,2,-1,-2,1,0,71,73,85,70,66,62.48,55,87,-65,-980
68.99937892,5,1,-1,-2,1,0,71,73,86,70,66,62.53,55,85,-65,-987
69.07738709,4,1,-1,-3,1,0,71,73,87,70,66,62.44,55,69,-58,-1005
69.18316293,4,0,-1,-3,1,0,71,73,86,70,66,62.4,55,87,-76,-1019
69.25692606,4,2,-1,-3,0,0,71,73,86,70,66,62.39,56,78,-65,-988
69.33884501,4,2,-1,-3,0,0,71,73,86,70,66,62.39,56,78,-65,-988
69.39125609,3,2,-1,-3,0,0,71,73,86,70,66,62.36,56,91,-69,-990
69.47956896,1,2,-1,-2,0,0,71,73,86,70,66,62.44,56,93,-72,-1003
69.55648685,1,2,-1,-2,0,0,71,73,86,70,66,62.44,56,93,-72,-1003
69.63554406,0,2,-1,-1,0,0,71,73,87,70,66,62.43,56,115,-83,-982
69.68793082,1,3,-1,0,0,0,71,73,87,70,66,62.47,56,108,-56,-968
69.73322797,1,3,-1,0,0,0,71,73,87,70,66,62.47,56,108,-56,-968
69.75896406,3,3,-1,0,0,0,71,73,88,70,66,62.47,56,98,-55,-978
69.77035189,3,3,-1,0,0,0,71,73,88,70,66,62.47,56,98,-55,-978
69.78114676,3,3,-1,0,0,0,71,73,88,70,66,62.47,56,98,-55,-978
69.79277277,3,3,-1,0,0,0,71,73,88,70,66,62.47,56,98,-55,-978
69.80513,3,3,-1,0,0,0,71,73,88,70,66,62.47,56,98,-55,-978
69.81710196,3,3,-1,0,0,0,71,73,88,70,66,62.47,56,98,-55,-978
69.87768388,5,3,-1,0,0,0,71,73,88,70,66,62.47,56,102,-53,-1002
69.95650005,5,3,-1,0,0,0,71,73,88,70,66,62.47,56,102,-53,-1002
70.01928711,5,3,-1,0,0,0,71,73,87,70,66,62.47,56,92,-49,-994
70.08360505,6,2,-1,0,0,0,71,73,91,70,66,62.49,56,89,-48,-982
70.13109994,6,2,-1,0,0,0,71,73,91,70,66,62.49,56,89,-48,-982
70.20649385,5,-2,-1,0,0,0,71,73,90,70,66,62.51,56,104,-81,-999
70.31562901,6,-3,-1,0,-1,0,71,73,90,70,66,62.51,57,98,-73,-997
70.38852406,6,-3,-1,0,-2,0,71,73,90,70,66,62.5,57,104,-32,-994
70.45127702,6,-3,-1,0,-2,0,71,73,90,70,66,62.5,57,104,-32,-994
70.49945498,6,-2,-2,0,-3,0,71,73,90,70,66,62.53,57,102,-24,-996
70.55439687,6,-2,-2,0,-3,0,71,73,90,70,66,62.53,57,102,-24,-996
70.62427402,6,-2,-1,0,-4,0,71,73,90,70,66,62.5,57,83,-28,-1003
70.70066309,6,-2,-1,0,-4,0,71,73,89,70,66,62.43,57,109,-59,-988
70.75000978,6,-2,-1,0,-4,0,71,73,89,70,66,62.43,57,109,-59,-988
70.82324195,5,-2,-1,0,-5,0,71,73,87,70,66,62.5,57,112,-65,-1001
70.88305402,5,-1,-1,0,-6,0,71,73,87,70,66,62.48,57,91,-42,-996
70.96312976,5,-1,-1,0,-6,0,71,73,87,70,66,62.48,57,91,-42,-996
71.00424194,6,0,-1,0,-6,0,71,73,86,70,66,62.46,57,113,-38,-986
71.08948898,6,0,-1,0,-6,0,71,73,86,70,66,62.46,57,113,-38,-986
71.1737349,6,0,-1,0,-6,0,71,73,86,70,66,62.46,57,68,5,-981
71.24277401,6,0,-1,0,-6,0,71,73,85,70,66,62.3,57,103,3,-1004
71.298702,5,-1,-1,0,-6,0,71,73,85,70,65,62.29,58,122,-27,-1005
71.37984991,5,-1,-1,0,-6,0,71,73,85,70,65,62.29,58,122,-27,-1005
71.417027,6,-1,-1,0,-6,0,71,73,85,70,65,62.34,58,92,-15,-1007
71.49116397,6,-1,-1,0,-6,0,71,73,85,70,65,62.34,58,92,-15,-1007
71.59090519,6,0,-1,0,-7,0,71,73,84,70,65,62.31,58,93,40,-999
71.63419914,6,0,-1,0,-7,0,71,73,84,70,65,62.26,58,115,10,-1003
71.68886614,6,0,-1,0,-7,0,71,73,84,70,65,62.26,58,115,10,-1003
71.77742887,7,-1,-1,0,-7,0,71,73,84,70,65,62.26,58,127,-19,-1010
71.82755685,7,0,-1,0,-7,0,71,73,83,70,65,62.34,58,114,-13,-970
71.90143681,7,0,-1,0,-7,0,71,73,82,70,65,62.37,58,106,-5,-982
71.97794104,7,0,-1,0,-7,0,71,73,82,70,65,62.37,58,106,-5,-982
72.05424786,7,0,-1,0,-7,0,71,73,81,70,65,62.34,58,80,-11,-988
72.12715912,7,0,-1,0,-8,0,71,73,81,70,65,62.36,58,118,-35,-1012
72.22058797,6,1,-1,0,-8,0,71,73,80,70,65,62.37,58,114,-9,-992
72.27937579,6,1,-1,0,-8,0,71,73,80,70,65,62.37,58,114,-9,-992
72.37005377,6,1,-1,0,-8,0,71,73,79,70,65,62.33,59,67,-41,-991
72.4157331,6,1,-1,0,-8,0,71,73,79,70,65,62.33,59,67,-41,-991
72.52195883,6,2,-1,0,-8,0,72,73,79,70,65,62.38,59,85,1,-992
72.60788989,6,2,-1,0,-8,0,72,73,79,70,65,62.38,59,85,1,-992
72.67320991,6,1,-1,0,-7,0,72,73,79,70,65,62.45,59,120,-44,-1012
72.77271605,5,1,-1,0,-7,0,72,73,79,70,65,62.37,59,78,-30,-1003
72.8202219,5,1,-1,-1,-7,0,72,73,77,70,65,62.35,59,55,-19,-1003
72.8977778,5,1,-1,-1,-7,0,72,73,77,70,65,62.35,59,55,-19,-1003
72.95235991,5,0,-1,-1,-8,0,72,73,79,70,65,62.34,59,91,-39,-1019
73.02361083,5,0,-1,-1,-8,0,72,73,79,70,65,62.34,59,91,-39,-1019
73.10689402,4,1,-1,-1,-8,0,72,73,78,70,65,62.35,59,78,-8,-979
73.18491101,4,3,-1,-1,-8,0,72,73,78,70,65,62.37,59,69,-14,-993
73.25029302,4,3,-1,-1,-8,0,72,73,78,70,65,62.37,59,69,-14,-993
73.28696704,4,6,-1,0,-7,0,72,73,79,70,65,62.37,60,87,-42,-974
73.34725308,4,6,-1,0,-7,0,72,73,79,70,65,62.37,60,87,-42,-974
73.40145993,4,6,-1,0,-6,0,72,73,80,70,65,62.43,60,70,-33,-977
73.47957397,4,6,-1,0,-6,0,72,73,80,70,65,62.43,60,70,-33,-977
73.56985092,4,7,-1,0,-6,0,71,73,79,70,65,62.39,60,82,-22,-999
73.63571882,4,7,-1,0,-5,0,71,73,79,70,65,62.5,60,65,-29,-1005
73.71006203,4,7,-1,0,-4,0,71,73,78,70,65,62.54,60,83,-20,-990
73.8096199,4,6,-1,0,-3,0,71,73,79,70,65,62.52,60,100,-58,-1020
73.86502504,4,6,-1,0,-3,0,71,73,79,70,65,62.52,60,100,-58,-1020
73.94238377,4,5,-1,0,-2,0,71,73,78,70,65,62.61,60,132,-99,-987
74.01485276,7,4,0,0,-2,0,71,73,80,70,65,62.62,60,127,-98,-1014
74.09939885,7,4,0,0,-2,0,71,73,80,70,65,62.62,60,127,-98,-1014
74.14532614,7,4,0,0,-2,0,71,73,80,70,65,62.66,60,88,-69,-943
74.21496487,6,4,0,0,-3,0,71,73,79,70,65,62.58,60,82,-77,-971
74.31629276,7,5,0,0,-2,0,71,73,78,70,65,62.54,61,73,-87,-986
74.40103817,7,5,0,0,-2,0,71,73,78,70,65,62.54,61,73,-87,-986
74.496346,6,6,0,0,-2,0,71,73,80,70,65,62.57,61,100,-92,-962
74.58790874,6,5,0,0,-2,0,72,73,79,70,65,62.67,61,61,-100,-993
74.68234801,5,7,0,0,-2,0,72,73,78,70,65,62.5,61,52,-72,-983
74.7783041,3,7,-1,-1,-1,0,72,73,78,70,65,62.52,61,51,-79,-999
74.86030602,3,8,-1,-1,-1,0,72,73,77,70,65,62.48,61,53,-84,-1028
74.93653607,2,8,-1,-1,0,0,72,73,77,60,65,62.48,61,33,-65,-1007
74.99774313,2,8,-1,-1,0,0,72,73,77,60,65,62.48,61,33,-65,-1007
75.04676795,2,8,-1,-1,0,0,72,73,76,60,65,62.55,61,24,-82,-1000
75.0952189,2,8,-1,-1,0,0,72,73,76,60,65,62.55,61,24,-82,-1000
75.1862669,2,8,-1,-1,1,0,72,73,77,60,65,62.54,61,19,-67,-1019
75.22435689,2,7,-1,-1,1,0,72,73,77,60,65,62.5,61,60,-109,-1030
75.23531485,2,7,-1,-1,1,0,72,73,77,60,65,62.5,61,60,-109,-1030
75.27074313,2,7,-1,-1,1,0,72,73,77,60,65,62.5,61,60,-109,-1030
75.32947779,1,6,-2,-1,2,0,72,73,76,60,65,62.56,62,63,-73,-994
75.4106729,1,6,-2,-1,2,0,72,73,76,60,65,62.56,62,63,-73,-994
75.49280405,1,5,-1,0,2,0,72,73,77,60,65,62.74,62,71,-70,-968
75.579036,3,4,-1,0,2,0,71,73,79,60,65,62.69,62,17,-36,-973
75.62892389,6,0,-1,0,2,0,71,73,78,70,65,62.52,62,39,-64,-1031
75.68896103,6,0,-1,0,2,0,71,73,78,70,65,62.52,62,39,-64,-1031
75.74972892,9,0,-1,-1,1,0,71,73,79,70,65,62.51,62,53,-40,-1006
75.8349061,8,0,-1,-2,1,0,71,73,79,70,65,62.55,62,55,-92,-1012
75.91139984,8,0,-1,-2,1,0,71,73,79,70,65,62.55,62,55,-92,-1012
75.97162914,8,0,-1,-3,0,0,71,73,78,70,65,62.62,62,36,-54,-964
76.03920007,8,0,-1,-3,0,0,71,73,78,70,65,62.62,62,36,-54,-964
76.11229801,8,2,0,-4,0,0,71,73,79,70,65,62.6,62,36,-78,-982
76.159832,7,2,0,-5,0,0,71,73,77,70,65,62.57,62,79,-113,-1005
76.19589782,7,2,0,-5,0,0,71,73,77,70,65,62.57,62,79,-113,-1005
76.2299149,7,2,0,-5,0,0,71,73,77,70,65,62.57,62,79,-113,-1005
76.27755594,7,3,0,-5,0,0,71,73,77,70,65,62.57,62,46,-62,-979
76.31587505,7,3,0,-5,0,0,71,73,77,70,65,62.57,62,46,-62,-979
76.37095594,7,4,0,-6,0,0,71,73,78,70,65,62.56,63,94,-99,-988
76.457335,7,5,-1,-6,0,0,71,73,77,70,65,62.62,63,83,-71,-1045
76.55115795,6,5,0,-7,0,0,71,73,79,70,65,62.57,63,79,-61,-1012
76.64873815,6,4,-1,-7,0,0,71,73,78,70,65,62.51,63,132,-84,-981
76.74681187,6,4,-1,-7,0,0,71,73,78,70,65,62.51,63,132,-84,-981
76.82767987,7,3,-1,-7,0,0,71,73,79,70,65,62.6,63,117,-55,-990
76.907619,7,3,-1,-7,0,0,71,73,79,70,65,62.58,63,82,-48,-985
76.96272588,7,3,-1,-8,0,0,71,73,78,70,65,62.57,63,89,-35,-998
77.01305079,7,3,-1,-8,0,0,71,73,78,70,65,62.57,63,89,-35,-998
77.08246398,6,2,-1,-8,0,0,71,73,78,70,65,62.45,63,66,-5,-974
77.15808988,5,2,-1,-8,1,0,71,73,78,70,65,62.41,63,83,-19,-1012
77.23386383,5,2,-1,-8,1,0,71,73,78,70,65,62.41,63,83,-19,-1012
77.296803,5,1,-1,-8,1,0,71,73,78,60,65,62.54,64,92,-42,-1010
77.38000894,6,1,-1,-8,1,0,71,73,78,60,65,62.62,64,89,-36,-1011
77.45574594,5,1,-1,-8,1,0,71,73,77,60,65,62.44,64,116,-52,-1000
77.50418591,5,1,-1,-8,1,0,71,73,77,60,65,62.44,64,116,-52,-1000
77.58927202,6,0,-1,-8,1,0,72,73,77,60,65,62.54,64,102,-32,-985
77.66352415,5,0,-1,-8,0,0,72,73,77,60,65,62.53,64,78,-32,-991
77.73280096,4,1,-1,-9,0,0,72,73,78,60,65,62.53,64,112,-53,-1029
77.79419994,4,1,-1,-9,0,0,72,73,78,60,65,62.53,64,112,-53,-1029
77.91183805,4,1,-1,-9,0,0,72,73,77,60,65,62.46,64,79,-46,-1011
77.97363305,4,1,-1,-9,0,0,72,73,79,60,65,62.53,64,69,-41,-1022
78.05681682,4,2,-1,-9,0,0,72,73,79,60,65,62.54,64,60,-50,-1037
78.16993308,3,1,-1,-9,0,0,72,73,80,60,65,62.48,64,38,-25,-1018
78.23705697,3,1,-1,-9,0,0,72,73,80,60,65,62.48,64,38,-25,-1018
78.31470013,3,1,-1,-9,0,0,72,73,79,60,65,62.59,65,47,-29,-994
78.40858793,2,2,-1,-9,0,0,72,73,80,70,64,62.72,65,39,-62,-974
78.48166895,0,1,-1,-9,0,0,72,73,81,70,64,62.78,65,38,-74,-980
78.57599306,-3,2,-1,-8,-1,0,71,74,81,70,64,62.58,65,59,-45,-1014
78.62692094,-3,2,-1,-8,-1,0,71,74,81,70,64,62.58,65,59,-45,-1014
78.68028283,-5,3,-1,-7,-1,0,71,74,83,70,64,62.61,65,59,-83,-985
78.72117805,-5,3,-1,-7,-1,0,71,74,83,70,64,62.61,65,59,-83,-985
78.78151989,-3,5,-1,-5,-1,0,71,74,82,70,64,62.78,65,18,-55,-1017
78.85557103,-1,5,-1,-5,0,0,71,74,83,70,64,62.7,65,59,-69,-1006
78.94875383,-3,5,-1,-4,0,0,71,74,82,70,64,62.8,65,5,-50,-975
79.02250791,-3,5,-1,-4,0,0,71,74,82,70,64,62.8,65,5,-50,-975
79.09399295,-7,5,-1,-3,0,0,71,74,85,70,64,62.68,65,-12,-52,-1000
79.15188503,-5,5,-1,-2,0,0,71,74,84,70,64,62.84,65,28,-89,-1053
79.23149204,-5,5,-1,-2,0,0,71,74,84,70,64,62.84,65,28,-89,-1053
79.28130293,0,4,-1,-1,0,0,71,74,85,70,64,62.81,66,50,-84,-967
79.35220003,0,4,-1,-1,0,0,71,74,83,70,64,62.83,66,37,-109,-923
79.36344814,0,4,-1,-1,0,0,71,74,83,70,64,62.83,66,37,-109,-923
79.3747201,0,4,-1,-1,0,0,71,74,83,70,64,62.83,66,37,-109,-923
79.38650489,0,4,-1,-1,0,0,71,74,83,70,64,62.83,66,37,-109,-923
79.3988049,0,4,-1,-1,0,0,71,74,83,70,64,62.83,66,37,-109,-923
79.44087291,0,4,-1,-1,0,0,71,74,83,70,64,62.83,66,37,-109,-923
79.51621389,-1,5,-1,-1,0,0,71,74,83,70,64,62.75,66,-14,-87,-991
79.56281495,0,5,-1,-1,0,0,72,74,83,70,64,62.85,66,-58,-61,-987
79.65049696,0,5,-1,-1,0,0,72,74,83,70,64,62.85,66,-58,-61,-987
79.71139407,0,4,-1,-1,0,0,72,74,82,70,64,62.92,66,-20,-86,-1023
79.77227902,-1,3,-1,-1,0,0,72,74,81,70,64,62.92,66,-34,-80,-1031
79.86103916,-2,5,-1,-1,0,0,72,74,82,70,64,62.77,66,-39,-86,-1014
79.93799305,-2,5,-1,-1,0,0,72,74,82,70,64,62.77,66,-39,-86,-1014
80.02409506,-3,7,-1,-1,0,0,72,74,81,70,64,62.71,66,-45,-67,-982
80.0898869,-2,5,-1,-1,0,0,72,74,79,70,64,62.74,66,-45,-80,-954
80.16535401,-2,4,-1,-1,0,1,72,74,79,70,64,62.62,66,-23,-74,-932
80.26100612,-2,4,-1,-1,0,1,72,74,79,70,64,62.62,66,-23,-74,-932
80.33396721,-1,4,-1,-1,0,2,72,74,75,60,64,62.75,67,-48,-64,-913
80.37341499,-1,4,-1,-1,0,3,72,74,72,60,64,62.75,67,-72,-39,-914
80.44015002,-1,4,-1,-1,0,3,72,74,72,60,64,62.75,67,-72,-39,-914
80.4945128,-2,3,-1,-1,0,4,72,74,68,60,64,62.65,67,-34,-50,-944
80.55870581,-2,3,-1,-1,0,4,72,74,68,60,64,62.65,67,-34,-50,-944
80.61171985,-3,3,-1,-1,0,4,72,74,64,50,64,62.63,67,-41,-72,-967
80.67870593,-3,3,-1,-1,0,4,72,74,64,50,64,62.63,67,-41,-72,-967
80.7541399,-3,3,-1,-1,0,4,72,74,58,50,64,62.63,67,-24,-95,-969
80.84674692,-2,3,-1,-1,0,4,72,74,53,40,64,62.67,67,-60,-39,-973
80.89731407,-2,3,-1,-1,0,4,72,74,48,40,64,62.63,67,-37,-85,-985
80.96680593,-2,3,-1,-1,0,4,72,74,48,40,64,62.63,67,-37,-85,-985
81.04339886,-2,4,-1,-1,0,4,72,74,43,30,64,62.52,67,-50,-79,-1006
81.11206388,-3,4,-1,-1,0,4,72,74,38,30,64,62.34,67,-35,-78,-1012
81.18782306,-3,3,-1,-1,0,4,72,74,34,20,64,62.22,67,-55,-65,-1054
81.250561,-2,3,-1,-1,0,4,72,74,29,20,64,62.29,68,-63,-67,-978
81.30468988,-2,3,-1,-1,0,4,72,74,29,20,64,62.29,68,-63,-67,-978
81.37212396,-2,4,-1,-1,0,4,72,74,24,10,64,62.31,68,-21,-92,-980
81.4377439,-2,4,-1,-1,0,4,72,74,24,10,64,62.31,68,-21,-92,-980
81.52301788,-2,4,-2,0,0,4,72,74,20,10,64,62.25,68,-13,-76,-1026
81.60986495,-1,4,-2,0,0,4,71,74,15,10,64,62.17,68,-19,-64,-1028
81.67995906,-1,4,-2,0,0,4,71,74,13,0,64,61.86,68,-17,-42,-1017
81.74795103,-1,4,-2,0,0,4,71,74,13,0,64,61.86,68,-17,-42,-1017
81.8015511,0,4,-1,0,0,4,71,74,13,0,64,61.15,68,-12,-64,-1064
81.86901617,0,3,-1,0,0,3,71,74,12,0,64,60.42,68,-29,-33,-1059
81.95568419,0,3,-1,0,0,3,71,74,12,0,64,60.42,68,-29,-33,-1059
82.02389884,0,3,-1,0,0,3,71,74,12,0,64,59.43,68,-16,-30,-1060
82.11914086,0,1,-1,0,1,2,71,74,12,0,64,58.54,68,7,-16,-1110
82.21691799,-2,3,-1,0,0,0,71,74,12,0,64,59.62,68,-9,-11,-709
82.2659359,0,2,-1,0,0,0,71,74,12,0,64,59.55,69,43,106,-720
82.37540793,0,1,0,0,0,0,71,74,12,0,64,59.88,69,-19,53,-1065
82.47074986,0,1,0,0,0,0,71,74,12,0,64,59.88,69,-19,53,-1065
82.56742501,0,1,0,0,0,0,71,74,12,0,64,60.47,69,-23,-33,-1005
82.65087008,0,1,0,0,0,0,72,74,12,0,64,60.88,69,-17,-29,-998
82.74608588,0,1,0,0,0,0,72,74,12,0,64,61.1,69,0,-35,-997
82.81935096,0,1,0,0,0,0,72,74,12,0,64,60.89,69,-4,-35,-1000
82.89373279,0,1,0,0,0,0,72,74,12,0,64,61.02,69,-10,-52,-996
82.98586011,0,1,0,0,0,0,72,74,12,0,64,61.11,69,-7,-28,-1001
83.03185797,0,1,0,0,0,0,72,74,12,0,64,61.11,69,-7,-28,-1001
83.08637381,0,1,0,0,0,0,72,74,10,0,64,61.37,69,-16,-31,-996
83.16550803,0,1,0,0,0,0,72,74,10,0,64,61.37,69,-16,-31,-996
83.24857593,0,1,0,0,0,1,72,74,10,0,64,61.59,69,-13,-29,-996
83.34628701,0,1,0,0,0,2,72,74,10,0,64,61.66,69,-15,-27,-994
83.38950801,0,1,0,0,0,0,72,74,10,0,64,61.77,69,-12,-33,-992
83.47961092,0,1,0,0,0,0,72,74,10,0,64,61.77,69,-12,-33,-992
83.57384086,0,1,0,0,0,0,72,74,10,0,64,61.82,69,-10,-32,-993
83.67026997,0,1,0,0,0,0,71,73,10,0,64,61.84,69,-12,-26,-995
83.79873109,0,1,0,0,0,0,71,73,10,0,64,61.87,69,-14,-25,-997
83.8848269,0,1,0,0,0,0,71,73,10,0,64,61.87,69,-14,-25,-997
83.94411182,0,1,0,0,0,0,71,73,10,0,64,61.94,69,-12,-28,-995
83.98213196,0,1,0,0,0,0,71,73,10,0,64,61.94,69,-12,-28,-995
84.02356601,0,1,0,0,0,0,71,73,10,0,64,61.86,69,-11,-27,-998
84.08477688,0,1,0,0,0,0,71,73,10,0,64,61.86,69,-11,-27,-998
84.12062001,0,1,0,0,0,0,71,73,10,0,64,61.86,69,-12,-29,-996
84.22612095,0,1,0,0,0,0,71,73,10,0,64,61.89,69,-13,-28,-996
84.30506802,0,1,0,0,0,0,71,73,10,0,64,61.86,69,-12,-27,-998
84.37313199,0,1,0,0,0,0,71,73,10,0,64,61.86,69,-12,-27,-998
84.44524097,0,1,-1,0,0,0,71,73,10,0,64,61.86,69,-13,-28,-998
84.52568388,0,1,-1,0,0,0,71,73,10,0,64,61.85,69,-12,-27,-997
84.60472703,0,1,-1,0,0,0,71,73,10,0,64,61.85,69,-12,-27,-997
84.67732191,0,1,-1,0,0,0,71,74,10,0,64,61.82,69,-12,-29,-997
84.74723411,0,1,-1,0,0,0,71,74,10,0,64,61.86,69,-11,-28,-998
84.86253381,0,1,-1,0,0,0,71,74,10,0,64,61.82,69,-11,-30,-997
84.90962887,0,1,-1,0,0,0,71,74,10,0,64,61.83,69,-11,-27,-996
85.01034284,0,1,-1,0,0,0,71,74,10,0,64,61.81,69,-12,-28,-996
85.08182716,0,1,-1,0,0,0,71,74,10,0,64,61.78,69,-11,-28,-997
85.18144417,0,1,-2,0,0,0,71,74,10,0,64,61.85,69,-9,-28,-997
85.23450589,0,1,-2,0,0,0,71,74,10,0,64,61.85,69,-9,-28,-997
85.31043983,0,1,-2,0,0,0,71,74,10,0,64,61.83,69,-12,-28,-999
85.40547895,0,1,-2,0,0,0,71,74,10,0,64,61.79,69,-12,-29,-1000
85.50656891,0,1,-2,0,0,0,71,74,10,0,64,61.83,69,-11,-27,-999
85.57725596,0,1,-2,0,0,0,71,74,10,0,64,61.83,69,-11,-27,-999
85.63080096,0,1,-2,0,0,0,72,73,10,0,64,61.82,69,-14,-28,-999
85.70946002,0,1,-2,0,0,0,72,73,10,0,64,61.84,69,-12,-27,-1001
85.77579498,0,1,-2,0,0,0,72,73,10,0,64,61.83,69,-11,-29,-1000
85.82823181,0,1,-2,0,0,0,72,73,10,0,64,61.83,69,-11,-29,-1000
85.89021802,0,1,-2,0,0,0,72,73,10,0,64,61.8,69,-13,-29,-999
85.96195889,0,1,-2,0,0,0,72,73,10,0,64,61.8,69,-13,-29,-999
86.01784897,0,1,-2,0,0,0,72,73,10,0,64,61.79,69,-12,-29,-1001
86.10240006,0,1,-2,0,0,0,72,73,10,0,64,61.81,69,-11,-28,-1000
86.19645,0,1,-2,0,0,0,72,73,10,0,64,61.81,69,-11,-28,-1000
86.27719283,0,1,-2,0,0,0,72,73,10,0,64,61.85,69,-12,-28,-999
86.33170295,0,1,-3,0,0,0,72,73,10,0,64,61.83,69,-11,-29,-999
86.36460185,0,1,-3,0,0,0,72,73,10,0,64,61.83,69,-11,-29,-999
86.41556597,0,1,-3,0,0,0,72,73,10,0,64,61.82,69,-11,-26,-1000
86.50299501,0,1,-3,0,0,0,72,73,10,0,64,61.82,69,-11,-26,-1000
86.57482696,0,1,-3,0,0,0,72,73,10,0,64,61.86,69,-14,-28,-1002
86.66000986,0,1,-3,0,0,0,72,74,10,0,64,61.81,69,-13,-29,-1001
86.74655485,0,1,-3,0,0,0,72,74,10,0,64,61.86,69,-11,-28,-999
86.80080295,0,1,-3,0,0,0,72,74,10,0,64,61.8,69,-11,-29,-1000
86.90148783,0,1,-3,0,0,0,72,74,10,0,64,61.88,69,-12,-28,-999
86.97267985,0,1,-3,0,0,0,72,74,10,0,64,61.88,69,-12,-28,-999
87.04354882,0,1,-3,0,0,0,72,74,10,0,64,61.84,69,-11,-28,-1001
87.14029288,0,1,-3,0,0,0,72,74,10,0,64,61.83,69,-11,-29,-1002
87.20678806,0,1,-3,0,0,0,72,74,10,0,64,61.86,69,-10,-29,-1001
87.28824592,0,1,-3,0,0,0,72,74,10,0,64,61.86,69,-10,-29,-1001
87.35674095,0,1,-3,0,0,0,72,74,10,0,64,61.89,69,-11,-29,-1000
87.4583838,0,1,-3,0,0,0,72,74,10,0,64,61.83,69,-13,-29,-1000
87.51586795,0,1,-3,0,0,0,72,74,10,0,64,61.84,69,-12,-28,-999
87.57648897,0,1,-3,0,0,0,72,74,10,0,64,61.84,69,-12,-28,-999
87.64469194,0,1,-3,0,0,0,72,73,10,0,64,61.87,69,-12,-28,-1002
87.70029902,0,1,-3,0,0,0,72,73,10,0,64,61.87,69,-12,-28,-1002
87.78773999,0,1,-3,0,0,0,72,73,10,0,64,61.87,69,-14,-28,-1001
87.85117102,0,1,-3,0,0,0,72,73,10,0,64,61.83,69,-12,-27,-1002
87.94756198,0,1,-3,0,0,0,72,73,10,0,64,61.89,69,-12,-31,-1001
87.99680591,0,1,-3,0,0,0,72,73,10,0,64,61.89,69,-12,-31,-1001
88.07811093,0,1,-3,0,0,0,72,73,10,0,64,61.85,69,-12,-29,-1001
88.16501307,0,1,-3,0,0,0,72,73,10,0,64,61.84,69,-10,-30,-1001
88.23007488,0,1,-3,0,0,0,72,73,10,0,64,61.84,69,-10,-30,-1001
88.32565308,0,1,-4,0,0,0,72,73,10,0,64,61.83,69,-10,-30,-1002
88.40525603,0,1,-4,0,0,0,72,73,10,0,64,61.91,69,-12,-29,-1002
88.50866199,0,1,-4,0,0,0,72,73,10,0,64,61.85,69,-12,-26,-997
88.59346199,0,1,-4,0,0,0,72,75,10,0,64,61.87,69,-7,-9,-1000
88.6753211,0,1,-4,0,0,0,72,75,10,0,64,61.87,69,-7,-9,-1000
88.729213,0,0,-4,0,0,0,72,75,10,0,64,61.86,69,-17,-8,-1002
88.82283401,0,0,-4,0,0,0,72,75,10,0,64,61.88,69,-12,-4,-1000
88.91137195,0,1,-4,0,0,0,72,75,10,0,64,61.87,69,-11,-19,-993
89.02737784,0,1,-4,0,0,0,72,75,10,0,64,61.88,69,-9,-26,-999
89.13678789,0,1,-4,0,0,0,72,75,10,0,64,61.85,69,-11,-26,-999
89.22828388,0,1,-4,0,0,0,72,75,10,0,64,61.82,69,-13,-25,-1002
89.30776191,0,1,-4,0,0,0,72,75,10,0,64,61.82,69,-13,-25,-1002
89.36069894,0,1,-4,0,0,0,72,75,10,0,64,61.82,69,-13,-25,-1002
89.42332387,0,1,-4,0,0,0,72,75,10,0,64,61.82,69,-13,-25,-1002
89.4769609,0,1,-4,0,0,0,72,75,10,0,64,61.82,69,-13,-25,-1002
89.52391386,0,1,-4,0,0,0,72,75,10,0,64,61.82,69,-13,-25,-1002
89.57171202,0,1,-4,0,0,0,72,75,10,0,64,61.82,69,-13,-25,-1002
89.62610102,0,1,-4,0,0,0,72,75,10,0,64,61.82,69,-13,-25,-1002
89.67981791,0,1,-4,0,0,0,72,75,10,0,64,61.82,69,-13,-25,-1002
89.73573613,0,1,-4,0,0,0,72,75,10,0,64,61.82,69,-13,-25,-1002
89.79488492,0,1,-4,0,0,0,72,75,10,0,64,61.82,69,-13,-25,-1002
89.85459304,0,1,-4,0,0,0,72,75,10,0,64,61.82,69,-13,-25,-1002
89.90584898,0,1,-4,0,0,0,72,75,10,0,64,61.82,69,-13,-25,-1002
89.94685388,0,1,-4,0,0,0,72,75,10,0,64,61.82,69,-13,-25,-1002
90.00196099,0,1,-4,0,0,0,72,75,10,0,64,61.82,69,-13,-25,-1002
90.0562911,0,1,-4,0,0,0,72,75,10,0,64,61.82,69,-13,-25,-1002
90.1161921,0,1,-4,0,0,0,72,75,10,0,64,61.82,69,-13,-25,-1002
90.17725587,0,1,-4,0,0,0,72,75,10,0,64,61.82,69,-13,-25,-1002
90.23057413,0,1,-4,0,0,0,72,75,10,0,64,61.82,69,-13,-25,-1002
90.29133105,0,1,-4,0,0,0,72,75,10,0,64,61.82,69,-13,-25,-1002
90.35070109,0,1,-4,0,0,0,72,75,10,0,64,61.82,69,-13,-25,-1002
90.40116715,0,1,-4,0,0,0,72,75,10,0,64,61.82,69,-13,-25,-1002
90.45910192,0,1,-4,0,0,0,72,75,10,0,64,61.82,69,-13,-25,-1002
90.51315784,0,1,-4,0,0,0,72,75,10,0,64,61.82,69,-13,-25,-1002
90.56652689,0,1,-4,0,0,0,72,75,10,0,64,61.82,69,-13,-25,-1002
90.61286592,0,1,-4,0,0,0,72,75,10,0,64,61.82,69,-13,-25,-1002
90.66567802,0,1,-4,0,0,0,72,75,10,0,64,61.82,69,-13,-25,-1002
90.71981692,0,1,-4,0,0,0,72,75,10,0,64,61.82,69,-13,-25,-1002
90.76955795,0,1,-4,0,0,0,72,75,10,0,64,61.82,69,-13,-25,-1002
90.82198405,0,1,-4,0,0,0,72,75,10,0,64,61.82,69,-13,-25,-1002
90.88189888,0,1,-4,0,0,0,72,75,10,0,64,61.82,69,-13,-25,-1002
90.93470788,0,1,-4,0,0,0,72,75,10,0,64,61.82,69,-13,-25,-1002
90.98876691,0,1,-4,0,0,0,72,75,10,0,64,61.82,69,-13,-25,-1002
91.03997493,0,1,-4,0,0,0,72,75,10,0,64,61.82,69,-13,-25,-1002
91.08824992,0,1,-4,0,0,0,72,75,10,0,64,61.82,69,-13,-25,-1002
91.14257097,0,1,-4,0,0,0,72,75,10,0,64,61.82,69,-13,-25,-1002
91.20269704,0,1,-4,0,0,0,72,75,10,0,64,61.82,69,-13,-25,-1002
91.23715496,0,1,-4,0,0,0,72,75,10,0,64,61.82,69,-13,-25,-1002
91.29128504,0,1,-4,0,0,0,72,75,10,0,64,61.82,69,-13,-25,-1002
91.33316779,0,1,-4,0,0,0,72,75,10,0,64,61.82,69,-13,-25,-1002
91.451612,0,1,-4,0,0,0,72,75,10,0,64,61.82,69,-13,-25,-1002
91.50243211,0,1,-4,0,0,0,72,75,10,0,64,61.82,69,-13,-25,-1002
91.56101298,0,1,-4,0,0,0,72,75,10,0,64,61.82,69,-13,-25,-1002
91.61384201,0,1,-4,0,0,0,72,75,10,0,64,61.82,69,-13,-25,-1002
91.66765904,0,1,-4,0,0,0,72,75,10,0,64,61.82,69,-13,-25,-1002
91.72031212,0,1,-4,0,0,0,72,75,10,0,64,61.82,69,-13,-25,-1002
91.78042293,0,1,-4,0,0,0,72,75,10,0,64,61.82,69,-13,-25,-1002
91.83382297,0,1,-4,0,0,0,72,75,10,0,64,61.82,69,-13,-25,-1002
91.89237499,0,1,-4,0,0,0,72,75,10,0,64,61.82,69,-13,-25,-1002
91.95135689,0,1,-4,0,0,0,72,75,10,0,64,61.82,69,-13,-25,-1002
92.00449586,0,1,-4,0,0,0,72,75,10,0,64,61.82,69,-13,-25,-1002
92.05878878,0,1,-4,0,0,0,72,75,10,0,64,61.82,69,-13,-25,-1002
92.1146729,0,1,-4,0,0,0,72,75,10,0,64,61.82,69,-13,-25,-1002
92.16016889,0,1,-4,0,0,0,72,75,10,0,64,61.82,69,-13,-25,-1002
92.22046113,0,1,-4,0,0,0,72,75,10,0,64,61.82,69,-13,-25,-1002
92.27012396,0,1,-4,0,0,0,72,75,10,0,64,61.82,69,-13,-25,-1002
92.32728696,0,1,-4,0,0,0,72,75,10,0,64,61.82,69,-13,-25,-1002
92.37990999,0,1,-4,0,0,0,72,75,10,0,64,61.82,69,-13,-25,-1002
92.41462302,0,1,-4,0,0,0,72,75,10,0,64,61.82,69,-13,-25,-1002
92.46228409,0,1,-4,0,0,0,72,75,10,0,64,61.82,69,-13,-25,-1002
92.4849658,0,1,-4,0,0,0,72,75,10,0,64,61.82,69,-13,-25,-1002
92.52137089,0,1,-4,0,0,0,72,75,10,0,64,61.82,69,-13,-25,-1002
92.56970692,0,1,-4,0,0,0,72,75,10,0,64,61.82,69,-13,-25,-1002
92.62291312,0,1,-4,0,0,0,72,75,10,0,64,61.82,69,-13,-25,-1002
92.65713501,0,1,-4,0,0,0,72,75,10,0,64,61.82,69,-13,-25,-1002
92.68568397,0,1,-4,0,0,0,72,75,10,0,64,61.82,69,-13,-25,-1002
92.73411894,0,1,-4,0,0,0,72,75,10,0,64,61.82,69,-13,-25,-1002
92.78332686,0,1,-4,0,0,0,72,75,10,0,64,61.82,69,-13,-25,-1002
92.83493495,0,1,-4,0,0,0,72,75,10,0,64,61.82,69,-13,-25,-1002
92.87033701,0,1,-4,0,0,0,72,75,10,0,64,61.82,69,-13,-25,-1002
92.91241384,0,1,-4,0,0,0,72,75,10,0,64,61.82,69,-13,-25,-1002
92.9666791,0,1,-4,0,0,0,72,75,10,0,64,61.82,69,-13,-25,-1002
93.01989198,0,1,-4,0,0,0,72,75,10,0,64,61.82,69,-13,-25,-1002
93.07421207,0,1,-4,0,0,0,72,75,10,0,64,61.82,69,-13,-25,-1002
93.12091017,0,1,-4,0,0,0,72,75,10,0,64,61.82,69,-13,-25,-1002
93.17232203,0,1,-4,0,0,0,72,75,10,0,64,61.82,69,-13,-25,-1002
93.23442292,0,1,-4,0,0,0,72,75,10,0,64,61.82,69,-13,-25,-1002
93.28845906,0,1,-4,0,0,0,72,75,10,0,64,61.82,69,-13,-25,-1002
93.35467005,0,1,-4,0,0,0,72,75,10,0,64,61.82,69,-13,-25,-1002
93.41431713,0,1,-4,0,0,0,72,75,10,0,64,61.82,69,-13,-25,-1002
93.47488475,0,1,-4,0,0,0,72,75,10,0,64,61.82,69,-13,-25,-1002
93.54002881,0,1,-4,0,0,0,72,75,10,0,64,61.82,69,-13,-25,-1002
93.59991407,0,1,-4,0,0,0,72,75,10,0,64,61.82,69,-13,-25,-1002
93.64228702,0,1,-4,0,0,0,72,75,10,0,64,61.82,69,-13,-25,-1002
93.655123,0,1,-4,0,0,0,72,75,10,0,64,61.82,69,-13,-25,-1002
93.66677809,0,1,-4,0,0,0,72,75,10,0,64,61.82,69,-13,-25,-1002
93.67803001,0,1,-4,0,0,0,72,75,10,0,64,61.82,69,-13,-25,-1002
93.68950391,0,1,-4,0,0,0,72,75,10,0,64,61.82,69,-13,-25,-1002
93.70113897,0,1,-4,0,0,0,72,75,10,0,64,61.82,69,-13,-25,-1002
93.71262097,0,1,-4,0,0,0,72,75,10,0,64,61.82,69,-13,-25,-1002
93.72435498,0,1,-4,0,0,0,72,75,10,0,64,61.82,69,-13,-25,-1002
93.73499703,0,1,-4,0,0,0,72,75,10,0,64,61.82,69,-13,-25,-1002
93.74770784,0,1,-4,0,0,0,72,75,10,0,64,61.82,69,-13,-25,-1002
93.75930691,0,1,-4,0,0,0,72,75,10,0,64,61.82,69,-13,-25,-1002
93.771065,0,1,-4,0,0,0,72,75,10,0,64,61.82,69,-13,-25,-1002
93.79650998,0,1,-4,0,0,0,72,75,10,0,64,61.82,69,-13,-25,-1002
93.808043,0,1,-4,0,0,0,72,75,10,0,64,61.82,69,-13,-25,-1002
93.81880093,0,1,-4,0,0,0,72,75,10,0,64,61.82,69,-13,-25,-1002
93.83068705,0,1,-4,0,0,0,72,75,10,0,64,61.82,69,-13,-25,-1002
93.84312296,0,1,-4,0,0,0,72,75,10,0,64,61.82,69,-13,-25,-1002
93.8547399,0,1,-4,0,0,0,72,75,10,0,64,61.82,69,-13,-25,-1002