297,9.9,0,-42,-42,-42,3
300,10,0,-42,-42,-42,2
303,10.1,1,0.50446718,-3.824753286,14.53304737,4
306,10.2,1,0.503102992,-3.808206027,14.46909946,4
309,10.3,1,0.503561161,-3.815468386,14.49719391,4
312,10.4,0,-42,-42,-42,4
315,10.5,0,-42,-42,-42,4
318,10.6,0,-42,-42,-42,4
321,10.7,0,-42,-42,-42,4
324,10.8,0,-42,-42,-42,4
327,10.9,0,-42,-42,-42,4
330,11,0,-42,-42,-42,2
333,11.1,0,-42,-42,-42,4
336,11.2,0,-42,-42,-42,4
339,11.3,0,-42,-42,-42,4
342,11.4,0,-42,-42,-42,4
345,11.5,1,0.501301615,-3.802613531,14.44967622,4
348,11.6,0,-42,-42,-42,4
351,11.7,0,-42,-42,-42,4
354,11.8,1,0.278312816,-3.632573998,14.43801335,4
357,11.9,0,-42,-42,-42,4
360,12,0,-42,-42,-42,2
363,12.1,0,-42,-42,-42,4
366,12.2,0,-42,-42,-42,4
369,12.3,0,-42,-42,-42,4
372,12.4,0,-42,-42,-42,4
375,12.5,0,-42,-42,-42,4
378,12.6,0,-42,-42,-42,4
381,12.7,0,-42,-42,-42,4
384,12.8,0,-42,-42,-42,4
387,12.9,0,-42,-42,-42,4
390,13,0,-42,-42,-42,2
393,13.1,0,-42,-42,-42,4
396,13.2,0,-42,-42,-42,4
399,13.3,0,-42,-42,-42,4
402,13.4,0,-42,-42,-42,4
405,13.5,0,-42,-42,-42,4
408,13.6,0,-42,-42,-42,4
411,13.7,0,-42,-42,-42,4
414,13.8,1,0.751078031,-2.789424551,13.95077358,4
417,13.9,0,-42,-42,-42,4
420,14,0,-42,-42,-42,2
423,14.1,0,-42,-42,-42,4
426,14.2,0,-42,-42,-42,4
429,14.3,0,-42,-42,-42,4
432,14.4,0,-42,-42,-42,4
435,14.5,0,-42,-42,-42,4
438,14.6,0,-42,-42,-42,4
441,14.7,0,-42,-42,-42,4
444,14.8,0,-42,-42,-42,4
447,14.9,0,-42,-42,-42,4
450,15,0,-42,-42,-42,2
453,15.1,1,0.770333831,-2.894863993,14.46855704,4
456,15.2,1,0.751313352,-2.828516978,14.10981974,4
459,15.3,0,-42,-42,-42,4
462,15.4,0,-42,-42,-42,4
465,15.5,0,-42,-42,-42,4
468,15.6,0,-42,-42,-42,4
471,15.7,1,0.784379819,-2.929775177,14.42066222,4
474,15.8,0,-42,-42,-42,4
477,15.9,0,-42,-42,-42,4
480,16,0,-42,-42,-42,2
483,16.1,0,-42,-42,-42,4
486,16.2,0,-42,-42,-42,4
489,16.3,0,-42,-42,-42,4
492,16.4,0,-42,-42,-42,4
495,16.5,0,-42,-42,-42,4
498,16.6,0,-42,-42,-42,4
501,16.7,0,-42,-42,-42,4
504,16.8,1,0.850786746,-2.97091789,14.46491835,4
507,16.9,0,-42,-42,-42,4
510,17,0,-42,-42,-42,2
513,17.1,0,-42,-42,-42,4
516,17.2,0,-42,-42,-42,4
519,17.3,0,-42,-42,-42,4
522,17.4,0,-42,-42,-42,4
525,17.5,1,0.841773327,-2.841555169,14.2035193,4
528,17.6,0,-42,-42,-42,4
531,17.7,1,0.86206833,-2.925766506,14.40094569,4
534,17.8,1,0.836392708,-2.847006924,13.97240071,4
537,17.9,0,-42,-42,-42,4
540,18,0,-42,-42,-42,2
543,18.1,1,0.86032782,-2.869577762,13.91209091,4
546,18.2,0,-42,-42,-42,4
549,18.3,0,-42,-42,-42,4
552,18.4,0,-42,-42,-42,4
555,18.5,1,0.897189847,-2.948414332,14.21372858,4
558,18.6,1,0.850381534,-2.805968923,13.5604696,4
561,18.7,0,-42,-42,-42,4
564,18.8,0,-42,-42,-42,4
567,18.9,0,-42,-42,-42,4
570,19,1,0.799664904,-2.733425654,13.19401804,2
573,19.1,0,-42,-42,-42,4
576,19.2,0,-42,-42,-42,4
579,19.3,0,-42,-42,-42,4
582,19.4,0,-42,-42,-42,4
585,19.5,1,0.815652869,-2.6773725,13.02171142,4
588,19.6,1,0.802012957,-2.62999209,12.80812171,4
591,19.7,0,-42,-42,-42,4
594,19.8,0,-42,-42,-42,4
597,19.9,1,0.805648769,-2.554346575,12.57346626,4
600,20,0,-42,-42,-42,2
603,20.1,1,0.827866874,-2.52059195,12.4463606,4
606,20.2,1,0.83471831,-2.500231961,12.36720182,4
609,20.3,0,-42,-42,-42,4
612,20.4,1,0.867977942,-2.540765362,12.57416691,4
615,20.5,1,0.85982895,-2.465415874,12.21625608,4
618,20.6,0,-42,-42,-42,4
621,20.7,1,0.848274606,-2.415295412,11.97045018,4
624,20.8,0,-42,-42,-42,4
627,20.9,1,0.847821437,-2.360255241,11.6486135,4
630,21,1,0.889024221,-2.431733139,11.95884384,2
633,21.1,1,0.871853083,-2.345673893,11.51845308,4
636,21.2,0,-42,-42,-42,4
639,21.3,1,0.913779297,-2.361171281,11.53230019,4
642,21.4,1,0.935456091,-2.366357584,11.56128203,4
645,21.5,1,0.939743341,-2.342689442,11.44595904,4
648,21.6,1,0.952194371,-2.335185973,11.405099,4
651,21.7,1,0.956467593,-2.320690326,11.38247028,4
654,21.8,1,0.954822777,-2.29812132,11.27757549,4
657,21.9,1,0.963365752,-2.296414352,11.27493726,4
660,22,1,0.947087377,-2.242889861,11.02361608,2
663,22.1,1,0.957130877,-2.248955971,11.01808884,4
666,22.2,1,0.964299552,-2.24943739,11.00625791,4
669,22.3,1,0.95630945,-2.2117569,10.80670403,4
672,22.4,1,0.972925476,-2.24769223,10.9497244,4
675,22.5,1,0.959062714,-2.207349317,10.79714208,4
678,22.6,1,0.949015511,-2.159095154,10.62682033,4
681,22.7,1,0.929579792,-2.095755858,10.34574191,4
684,22.8,1,0.942004082,-2.116436298,10.41744169,4
687,22.9,1,0.943032096,-2.094684853,10.30485412,4
690,23,1,0.935105126,-2.080721806,10.19944374,2
693,23.1,1,0.954283538,-2.107928085,10.29607027,4
696,23.2,1,0.944525532,-2.079742108,10.16125868,4
699,23.3,1,0.950252085,-2.070807475,10.08651886,4
702,23.4,1,0.945025941,-2.038688633,9.902515209,4
705,23.5,1,0.959138994,-2.064853928,9.973508693,4
708,23.6,1,0.948161824,-2.062369385,9.877052883,4
711,23.7,1,0.935378569,-1.912954365,9.741983365,4
714,23.8,1,0.926729299,-1.742563487,9.62190218,4
717,23.9,1,0.942891314,-1.949855426,9.762253936,4
720,24,1,0.918971467,-1.986271494,9.481229637,2
723,24.1,1,0.929783561,-2.00242085,9.575947339,4
726,24.2,1,0.940444603,-2.01163342,9.62514658,4
729,24.3,1,0.934880008,-1.992039974,9.547990342,4
732,24.4,1,0.926676746,-1.971221964,9.455146613,4
735,24.5,1,0.933798083,-1.973460055,9.483028054,4
738,24.6,1,0.946233203,-1.987261151,9.576204335,4
741,24.7,1,0.941879888,-1.721746483,9.535263437,4
744,24.8,1,0.945054355,-1.705990753,9.576504878,4
747,24.9,1,0.932724788,-1.962539061,9.41874814,4
750,25,1,0.92202121,-1.925021405,9.277429701,2
753,25.1,1,0.929640026,-1.94458544,9.380539662,4
756,25.2,1,0.944929462,-1.95304704,9.55734332,4
759,25.3,1,0.909784617,-1.872831581,9.26255176,4
762,25.4,1,0.902933631,-1.944694773,9.284705723,4
765,25.5,1,0.894857809,-1.890091004,9.301445813,4
768,25.6,1,0.874220533,-1.85223469,9.095109661,4
771,25.7,1,0.885253411,-1.88276783,9.21757937,4
774,25.8,1,0.889395842,-1.902560441,9.283712409,4
777,25.9,1,0.877777864,-1.883809358,9.173699427,4
780,26,1,0.866271604,-1.859401408,9.021831448,2
783,26.1,1,0.865971215,-1.861137275,8.994898648,4
786,26.2,1,0.867643609,-1.852677394,8.940764136,4
789,26.3,1,0.853725327,-1.817550601,8.73834636,4
792,26.4,1,0.879490211,-1.84180753,8.823636204,4
795,26.5,1,0.874240211,-1.811882833,8.664676993,4
798,26.6,1,0.883453285,-1.798062595,8.587042628,4
801,26.7,1,0.892502735,-1.782031718,8.523795127,4
804,26.8,1,0.904335135,-1.771374031,8.483426165,4
807,26.9,1,0.9119286,-1.754040415,8.393100686,4
810,27,1,0.91811227,-1.741205889,8.345516909,2
813,27.1,1,0.924962972,-1.725464293,8.253286174,4
816,27.2,1,0.921245296,-1.700127528,8.112082326,4
819,27.3,1,0.928839604,-1.689806177,8.059936808,4
822,27.4,1,0.941035219,-1.691601634,8.056291126,4
825,27.5,1,0.927489418,-1.642915386,7.819433499,4
828,27.6,1,0.939219369,-1.644457935,7.796946803,4
831,27.7,1,0.939604264,-1.627058053,7.698081668,4
834,27.8,1,0.948988901,-1.623224763,7.663381096,4
837,27.9,1,0.938890087,-1.590726644,7.481957081,4
840,28,1,0.953763196,-1.589443378,7.474323969,2
843,28.1,1,0.95419154,-1.565098491,7.34753704,4
846,28.2,1,0.961474236,-1.552588667,7.278163284,4
849,28.3,1,0.9714436,-1.53972141,7.219839845,4
852,28.4,1,0.975546267,-1.516032749,7.099129669,4
855,28.5,1,0.98172169,-1.501558571,7.026315372,4
858,28.6,1,0.984593441,-1.492075809,6.986411851,4
861,28.7,1,0.963509433,-1.442839857,6.770074612,4
864,28.8,1,0.977910409,-1.443505341,6.791816722,4
867,28.9,1,0.969183482,-1.414030239,6.665067253,4
870,29,1,0.968739153,-1.390270282,6.568563009,2
873,29.1,1,0.98044318,-1.384423994,6.549735429,4
876,29.2,1,0.961333803,-1.341448275,6.3495691,4
879,29.3,1,0.973472082,-1.33933813,6.348743031,4
882,29.4,1,0.977249387,-1.326259587,6.282224034,4
885,29.5,1,0.977688374,-1.310034238,6.195604693,4
888,29.6,1,0.972994083,-1.281808865,6.051364736,4
891,29.7,1,0.977471798,-1.263418784,5.952022069,4
894,29.8,1,0.982323844,-1.246859415,5.85663271,4
897,29.9,1,0.998383432,-1.239015418,5.825946447,4
900,30,1,0.983534211,-1.194634111,5.625266137,2
903,30.1,1,1.005932164,-1.195175303,5.630473226,4
906,30.2,1,1.009653011,-1.17781265,5.532907247,4
909,30.3,1,1.010597227,-1.158765558,5.441781892,4
912,30.4,1,1.010760638,-1.135715448,5.341449081,4
915,30.5,1,1.020295154,-1.122399876,5.271320894,4
918,30.6,1,1.015244558,-1.092931793,5.121757705,4
921,30.7,1,1.020865267,-1.074473647,5.048824447,4
924,30.8,1,1.023841697,-1.057868922,4.972488367,4
927,30.9,1,1.026712459,-0.879596868,4.906398831,4
930,31,1,1.030614878,-0.712972816,4.842710411,2
933,31.1,1,1.039233541,-0.663131318,4.79092341,4
936,31.2,1,1.044539302,-0.678287082,4.718896142,4
939,31.3,1,1.049594747,-0.846988734,4.650582513,4
942,31.4,1,1.049825256,-0.827036824,4.607401552,4
945,31.5,1,1.052764846,-0.595402015,4.609355256,4
948,31.6,1,1.048737606,-0.558317453,4.54954542,4
951,31.7,1,1.054648432,-0.61796926,4.526116191,4
954,31.8,1,1.058993287,-0.781129616,4.488436425,4
957,31.9,1,1.052098449,-0.887082787,4.405496586,4
960,32,1,1.071098792,-0.851098019,4.468342139,2
963,32.1,1,1.078722349,-0.922013095,4.459909534,4
966,32.2,1,1.08103019,-0.907330031,4.434897837,4
969,32.3,1,1.087132118,-0.951213637,4.4127426,4
972,32.4,1,1.082268071,-0.90507902,4.353387039,4
975,32.5,1,1.093253089,-0.903459209,4.333013316,4
978,32.6,1,1.096685492,-0.88291935,4.286192746,4
981,32.7,1,1.099494113,-0.875003726,4.224691658,4
984,32.8,1,1.102082053,-0.86224991,4.168210779,4
987,32.9,1,1.115250697,-0.848942225,4.107701774,4
990,33,1,1.0951581,-0.821917336,3.972761966,2
993,33.1,1,1.096777801,-0.811993875,3.924779182,4
996,33.2,1,1.097540694,-0.806374896,3.861722275,4
999,33.3,1,1.07778227,-0.781415755,3.735809617,4
1002,33.4,1,1.068226918,-0.756052293,3.642317956,4
1005,33.5,1,1.061451921,-0.730183474,3.553088024,4
1008,33.6,1,1.055876468,-0.702212,3.46419307,4
1011,33.7,1,1.042075589,-0.669008046,3.353159322,4
1014,33.8,1,1.041080578,-0.644242474,3.274128785,4
1017,33.9,1,1.037740053,-0.61419043,3.188075667,4
1020,34,1,1.033781754,-0.586319231,3.10506975,2
1023,34.1,1,1.030043557,-0.560679145,3.024696733,4
1026,34.2,1,1.020532929,-0.490782374,2.928516127,4
1029,34.3,1,1.017833138,-0.353636206,2.861952833,4
1032,34.4,1,1.028026379,-0.33360703,2.814648437,4
1035,34.5,1,1.029730114,-0.318378197,2.739933842,4
1038,34.6,1,1.042064129,-0.271747544,2.70000967,4
1041,34.7,1,1.05361615,-0.274155182,2.664706501,4
1044,34.8,1,1.054012838,-0.380427293,2.617734528,4
1047,34.9,1,1.053791111,-0.378163019,2.593062289,4
1050,35,1,1.048572423,-0.259748058,2.574774824,2
1053,35.1,1,1.042447585,-0.264630464,2.552902303,4
1056,35.2,1,1.038610798,-0.360866544,2.537687345,4
1059,35.3,1,1.026407532,-0.410818781,2.508238763,4
1062,35.4,1,1.01806375,-0.402421821,2.49090691,4
1065,35.5,1,1.019653038,-0.325758171,2.50238328,4
1068,35.6,1,1.01918059,-0.241406196,2.499951196,4
1071,35.7,1,1.025911703,-0.259764408,2.508123337,4
1074,35.8,1,1.034538116,-0.272382496,2.510662755,4
1077,35.9,1,1.045986233,-0.25652592,2.526350384,4
1080,36,1,1.051467393,-0.242340488,2.525608975,2
1083,36.1,1,1.063308562,-0.246351327,2.54016899,4
1086,36.2,1,1.076708898,-0.258175311,2.556622412,4
1089,36.3,1,1.084034667,-0.239357184,2.559176565,4
1092,36.4,1,1.101402981,-0.248552044,2.584627289,4
1095,36.5,1,1.106692883,-0.24288254,2.587296301,4
1098,36.6,1,1.116307365,-0.279791668,2.606588254,4
1101,36.7,1,1.12873411,-0.278203318,2.637452909,4
1104,36.8,1,1.141392479,-0.272743503,2.670212204,4
1107,36.9,1,1.152081229,-0.261455979,2.706301107,4
1110,37,1,1.159660352,-0.272136062,2.745481953,2
1113,37.1,1,1.157406656,-0.292574643,2.780885788,4
1116,37.2,1,1.149179305,-0.32870906,2.815913911,4
1119,37.3,1,1.13668377,-0.32772157,2.850952887,4
1122,37.4,1,1.125315964,-0.323822792,2.890716249,4
1125,37.5,1,1.111702677,-0.349509736,2.935100401,4
1128,37.6,1,1.092489152,-0.337502415,2.966316611,4
1131,37.7,1,1.077391938,-0.327935289,3.017982642,4
1134,37.8,1,1.057566405,-0.330771805,3.057516461,4
1137,37.9,1,1.042427832,-0.328314879,3.108909076,4
1140,38,1,1.024057566,-0.321792435,3.158088183,2
1143,38.1,1,1.003355155,-0.321278125,3.21086095,4
1146,38.2,1,0.979766306,-0.323008457,3.261637575,4
1149,38.3,1,0.953718467,-0.33150991,3.310940474,4
1152,38.4,1,0.932462968,-0.327850074,3.381951602,4
1155,38.5,1,0.9078259,-0.338355824,3.428441407,4
1158,38.6,1,0.892734463,-0.353586789,3.503969831,4
1161,38.7,1,0.880795154,-0.371033471,3.566954172,4
1164,38.8,1,0.862841954,-0.372379221,3.615504659,4
1167,38.9,1,0.852002349,-0.359011721,3.703177017,4
1170,39,1,0.835881231,-0.324253201,3.771697254,2
1173,39.1,1,0.825151881,-0.369562534,3.853671739,4
1176,39.2,1,0.822271113,-0.393907847,3.946924747,4
1179,39.3,1,0.804054506,-0.405771357,3.989175151,4
1182,39.4,1,0.800529283,-0.453587827,4.09926356,4
1185,39.5,1,0.790977822,-0.50585541,4.162426511,4
1188,39.6,1,0.783882041,-0.571873426,4.233330331,4
1191,39.7,1,0.784600025,-0.600783084,4.340422173,4
1194,39.8,1,0.781807954,-0.637026396,4.418732533,4
1197,39.9,1,0.784911679,-0.703579527,4.515830129,4
1200,40,1,0.786030262,-0.720887872,4.623466343,2
1203,40.1,1,0.78991791,-0.761666724,4.721001773,4
1206,40.2,1,0.788607392,-0.791850093,4.77455034,4
1209,40.3,1,0.780937019,-0.7667415,4.832915003,4
1212,40.4,1,0.789810652,-0.785897723,4.967411337,4
1215,40.5,1,0.790999579,-0.810380214,5.042848509,4
1218,40.6,1,0.790988181,-0.822068227,5.112423151,4
1221,40.7,1,0.797689655,-0.859693051,5.210936851,4
1224,40.8,1,0.802943601,-0.849521123,5.298030193,4
1227,40.9,1,0.807038825,-0.825304246,5.397155561,4
1230,41,1,0.820407474,-0.867970478,5.513827926,2
1233,41.1,1,0.81789483,-0.920147481,5.546117248,4
1236,41.2,1,0.832836192,-0.927691542,5.711185957,4
1239,41.3,1,0.821319546,-0.887768251,5.709434357,4
1242,41.4,1,0.83400748,-0.915698933,5.848362208,4
1245,41.5,1,0.841091687,-0.995057191,5.929023213,4
1248,41.6,1,0.853441585,-0.967251728,6.054945653,4
1251,41.7,1,0.862694992,-0.97778552,6.136977316,4
1254,41.8,1,0.874201448,-0.989265822,6.224039962,4
1257,41.9,1,0.872743376,-0.996259263,6.247836007,4
1260,42,1,0.879519267,-1.163539381,6.315554304,2
1263,42.1,1,0.891793567,-1.012601256,6.467563517,4
1266,42.2,1,0.891255053,-0.930160292,6.52533591,4
1269,42.3,1,0.904351277,-0.974532164,6.610026809,4
1272,42.4,1,0.924985764,-1.037498316,6.669956529,4
1275,42.5,1,0.943764011,-1.081916807,6.746858658,4
1278,42.6,1,0.976979911,-1.200384494,6.883123072,4
1281,42.7,1,0.987808915,-1.326356722,6.877287714,4
1284,42.8,1,1.017773398,-1.335902124,6.984242956,4
1287,42.9,1,1.039280855,-1.3466805,7.017511197,4
1290,43,1,1.068073846,-1.370857648,7.085683215,2
1293,43.1,1,1.082929526,-1.385596533,7.102116008,4
1296,43.2,1,1.10995396,-1.413766669,7.209506428,4
1299,43.3,1,1.103995002,-1.401618502,7.15889029,4
1302,43.4,1,1.118410273,-1.294575511,7.237441669,4
1305,43.5,1,1.110520745,-1.309673554,7.197190924,4
1308,43.6,1,1.119900974,-1.364650931,7.265578658,4
1311,43.7,1,1.127208027,-1.436328169,7.317972539,4
1314,43.8,1,1.118873069,-1.424493333,7.303239289,4
1317,43.9,1,1.129222656,-1.42223296,7.361640007,4
1320,44,1,1.135850375,-1.446722911,7.394887445,2
1323,44.1,1,1.120491267,-1.43679134,7.309649561,4
1326,44.2,1,1.125923615,-1.444299833,7.32070391,4
1329,44.3,1,1.145769989,-1.444419836,7.417409628,4
1332,44.4,1,1.128110328,-0.896085271,7.369013155,4
1335,44.5,1,1.137111035,-0.904619268,7.426356887,4
1338,44.6,1,1.134510336,-0.918861614,7.413341665,4
1341,44.7,1,1.12635627,-0.907118937,7.362982011,4
1344,44.8,1,1.131233129,-0.942953935,7.420320095,4
1347,44.9,1,1.15514994,-1.024950379,7.579555334,4
1350,45,1,1.136277449,-1.010835627,7.485727011,2
1353,45.1,1,1.170327654,-1.040033571,7.704677103,4
1356,45.2,1,1.154955058,-0.95141703,7.613411244,4
1359,45.3,1,1.182985112,-1.017170638,7.784211583,4
1362,45.4,1,1.194579218,-0.9565169,7.806118017,4
1365,45.5,1,1.205409796,-0.934806546,7.843399445,4
1368,45.6,1,1.219594971,-0.948241339,7.923053594,4
1371,45.7,1,1.239073346,-0.959364131,8.049524764,4
1374,45.8,1,1.242247558,-1.004347197,8.054898232,4
1377,45.9,1,1.252771324,-1.011015131,8.084783937,4
1380,46,1,1.275941036,-1.055648063,8.231597363,2
1383,46.1,1,1.288774106,-1.107701746,8.32895223,4
1386,46.2,1,1.276984495,-1.104379433,8.25953391,4
1389,46.3,1,1.30116032,-1.16613463,8.406193338,4
1392,46.4,1,1.318416354,-1.16698631,8.526425118,4
1395,46.5,1,1.301876571,-1.211932755,8.463289644,4
1398,46.6,1,1.32426929,-1.263500986,8.598227551,4
1401,46.7,1,1.335335035,-1.193498061,8.69156238,4
1404,46.8,1,1.329005407,-1.140026723,8.660116814,4
1407,46.9,1,1.339175393,-1.186652144,8.77794105,4
1410,47,1,1.36698237,-1.20756229,9.004662195,2
1413,47.1,1,1.36821042,-1.186740639,9.025018076,4
1416,47.2,1,1.372904803,-1.22887646,9.113941056,4
1419,47.3,1,1.372168818,-1.234141249,9.165693268,4
1422,47.4,1,1.371825023,-1.154025709,9.228378426,4
1425,47.5,1,1.396401322,-1.123026089,9.425145612,4
1428,47.6,1,1.387888228,-1.108932443,9.423771912,4
1431,47.7,1,1.371748245,-1.161077744,9.363763287,4
1434,47.8,1,1.378264622,-1.175112135,9.48871386,4
1437,47.9,1,1.361675878,-1.13912651,9.433008787,4
1440,48,1,1.365929119,-1.151848437,9.535489629,2
1443,48.1,1,1.39899815,-1.148289771,9.805103382,4
1446,48.2,1,1.389338115,-1.172626996,9.817679109,4
1449,48.3,1,1.410004471,-1.208131425,10.01619322,4
1452,48.4,1,1.386542501,-1.257068962,9.923322303,4
1455,48.5,1,1.373303424,-1.311269617,9.931582423,4
1458,48.6,1,1.357170597,-1.36188045,9.897251682,4
1461,48.7,1,1.357791777,-1.526108367,9.979361507,4
1464,48.8,1,1.376108358,-1.63492219,10.19560864,4
1467,48.9,1,1.378027425,-1.572100161,10.28156759,4
1470,49,1,1.398060279,-1.516655393,10.52432671,2
1473,49.1,1,1.391995988,-1.498231285,10.53962127,4
1476,49.2,1,1.38995017,-1.493687718,10.58697926,4
1479,49.3,1,1.404528318,-1.462077456,10.75507261,4
1482,49.4,1,1.425171306,-1.482679075,10.92407462,4
1485,49.5,1,1.39043287,-1.701603962,10.68036882,4
1488,49.6,1,1.427529782,-1.761330614,11.00558002,4
1491,49.7,0,-42,-42,-42,4
1494,49.8,0,-42,-42,-42,4
1497,49.9,1,1.394430643,-2.0061993,10.95964304,4
1500,50,1,1.425848539,-1.962685803,11.29641458,2
1503,50.1,1,1.412466687,-1.91305313,11.29446926,4
1506,50.2,1,1.400497842,-1.796878691,11.29516777,4
1509,50.3,1,1.413700289,-1.796290095,11.48292083,4
1512,50.4,1,1.417193426,-1.806328172,11.68894309,4
1515,50.5,1,1.352057702,-1.666116163,11.31111513,4
1518,50.6,1,1.384502715,-1.839618315,11.66110243,4
1521,50.7,1,1.38204463,-2.349267702,11.71689029,4
1524,50.8,1,1.381499589,-2.382637386,11.81299022,4
1527,50.9,0,-42,-42,-42,4
1530,51,1,1.382133744,-2.435742914,12.03922625,2
1533,51.1,0,-42,-42,-42,4
1536,51.2,0,-42,-42,-42,4
1539,51.3,1,1.364215641,-2.483456529,11.99445681,4
1542,51.4,1,1.341176586,-2.452588567,11.84242871,4
1545,51.5,1,1.371031859,-2.514883121,12.18615905,4
1548,51.6,0,-42,-42,-42,4
1551,51.7,1,1.320366568,-2.480749648,12.14046879,4
1554,51.8,0,-42,-42,-42,4
1557,51.9,1,1.338069523,-2.550981907,12.22892669,4
1560,52,1,1.322951478,-2.510277753,11.96952674,2
1563,52.1,1,1.310726234,-2.426393507,11.7820285,4
1566,52.2,0,-42,-42,-42,4
1569,52.3,1,1.389416243,-1.50790291,12.54405002,4
1572,52.4,1,1.367649407,-1.591272702,12.27355398,4
1575,52.5,1,1.370461778,-1.645421685,12.29026262,4
1578,52.6,1,1.390804657,-1.584345827,12.34914242,4
1581,52.7,1,1.397386805,-1.531930353,12.39526388,4
1584,52.8,1,1.391105812,-1.608857996,12.37249343,4
1587,52.9,0,-42,-42,-42,4
1590,53,1,1.39488228,-1.589301245,12.47561589,2
1593,53.1,1,1.38650546,-1.568510945,12.44738817,4
1596,53.2,1,1.398607929,-1.602598603,12.54640465,4
1599,53.3,1,1.377882996,-1.541065364,12.36314825,4
1602,53.4,1,1.4000097,-1.579261689,12.5641308,4
1605,53.5,1,1.398292552,-1.632800207,12.56357913,4
1608,53.6,0,-42,-42,-42,4
1611,53.7,0,-42,-42,-42,4
1614,53.8,0,-42,-42,-42,4
1617,53.9,0,-42,-42,-42,4
1620,54,0,-42,-42,-42,2
1623,54.1,0,-42,-42,-42,4
1626,54.2,0,-42,-42,-42,4
1629,54.3,0,-42,-42,-42,4
1632,54.4,0,-42,-42,-42,4
1635,54.5,0,-42,-42,-42,4
1638,54.6,0,-42,-42,-42,4
1641,54.7,0,-42,-42,-42,4
1644,54.8,1,1.437009754,-1.754287634,13.58700535,4
1647,54.9,0,-42,-42,-42,4
1650,55,0,-42,-42,-42,2
1653,55.1,0,-42,-42,-42,4
1656,55.2,0,-42,-42,-42,4
1659,55.3,1,1.434127442,-2.798336984,13.81641904,4
1662,55.4,0,-42,-42,-42,4
1665,55.5,0,-42,-42,-42,4
1668,55.6,0,-42,-42,-42,4
1671,55.7,0,-42,-42,-42,4
1674,55.8,0,-42,-42,-42,4
1677,55.9,0,-42,-42,-42,4
1680,56,0,-42,-42,-42,2
1683,56.1,0,-42,-42,-42,4
1686,56.2,0,-42,-42,-42,4
1689,56.3,0,-42,-42,-42,4
1692,56.4,0,-42,-42,-42,4
1695,56.5,0,-42,-42,-42,4
1698,56.6,0,-42,-42,-42,4
1701,56.7,0,-42,-42,-42,4
1704,56.8,0,-42,-42,-42,4
1707,56.9,0,-42,-42,-42,4
1710,57,0,-42,-42,-42,2
1713,57.1,0,-42,-42,-42,4
1716,57.2,0,-42,-42,-42,4
1719,57.3,0,-42,-42,-42,4
1722,57.4,0,-42,-42,-42,4
1725,57.5,0,-42,-42,-42,4
1728,57.6,0,-42,-42,-42,4
1731,57.7,0,-42,-42,-42,4
1734,57.8,0,-42,-42,-42,4
1737,57.9,0,-42,-42,-42,4
1740,58,0,-42,-42,-42,2
1743,58.1,0,-42,-42,-42,4
1746,58.2,0,-42,-42,-42,4
1749,58.3,0,-42,-42,-42,4
1752,58.4,0,-42,-42,-42,4
1755,58.5,0,-42,-42,-42,4
1758,58.6,0,-42,-42,-42,4
1761,58.7,0,-42,-42,-42,4
1764,58.8,0,-42,-42,-42,4
1767,58.9,0,-42,-42,-42,4
1770,59,0,-42,-42,-42,2
1773,59.1,0,-42,-42,-42,4
1776,59.2,0,-42,-42,-42,4
1779,59.3,0,-42,-42,-42,4
1782,59.4,0,-42,-42,-42,4
1785,59.5,0,-42,-42,-42,4
1788,59.6,0,-42,-42,-42,4
1791,59.7,0,-42,-42,-42,4
1794,59.8,0,-42,-42,-42,4
1797,59.9,0,-42,-42,-42,4
1800,60,0,-42,-42,-42,2
1803,60.1,0,-42,-42,-42,4
1806,60.2,0,-42,-42,-42,4
1809,60.3,0,-42,-42,-42,4
1812,60.4,0,-42,-42,-42,4
1815,60.5,0,-42,-42,-42,4
1818,60.6,0,-42,-42,-42,4
1821,60.7,0,-42,-42,-42,4
1824,60.8,0,-42,-42,-42,4
1827,60.9,0,-42,-42,-42,4
1830,61,0,-42,-42,-42,2
1833,61.1,0,-42,-42,-42,4
1836,61.2,0,-42,-42,-42,4
1839,61.3,0,-42,-42,-42,4
1842,61.4,0,-42,-42,-42,4
1845,61.5,0,-42,-42,-42,4
1848,61.6,0,-42,-42,-42,4
1851,61.7,0,-42,-42,-42,4
1854,61.8,0,-42,-42,-42,4
1857,61.9,0,-42,-42,-42,4
1860,62,0,-42,-42,-42,2
1863,62.1,0,-42,-42,-42,4
1866,62.2,0,-42,-42,-42,4
1869,62.3,0,-42,-42,-42,4
1872,62.4,0,-42,-42,-42,4
1875,62.5,0,-42,-42,-42,4
1878,62.6,0,-42,-42,-42,4
1881,62.7,0,-42,-42,-42,4
1884,62.8,0,-42,-42,-42,4
1887,62.9,0,-42,-42,-42,4
1890,63,0,-42,-42,-42,2
1893,63.1,0,-42,-42,-42,4
1896,63.2,0,-42,-42,-42,4
1899,63.3,0,-42,-42,-42,4
1902,63.4,0,-42,-42,-42,4
1905,63.5,0,-42,-42,-42,4
1908,63.6,0,-42,-42,-42,4
1911,63.7,0,-42,-42,-42,4
1914,63.8,0,-42,-42,-42,4
1917,63.9,0,-42,-42,-42,4
1920,64,0,-42,-42,-42,2
1923,64.1,0,-42,-42,-42,4
1926,64.2,0,-42,-42,-42,4
1929,64.3,0,-42,-42,-42,4
1932,64.4,0,-42,-42,-42,4
1935,64.5,0,-42,-42,-42,4
1938,64.6,0,-42,-42,-42,4
1941,64.7,0,-42,-42,-42,4
1944,64.8,0,-42,-42,-42,4
1947,64.9,0,-42,-42,-42,4
1950,65,0,-42,-42,-42,2
1953,65.1,0,-42,-42,-42,4
1956,65.2,0,-42,-42,-42,4
1959,65.3,0,-42,-42,-42,4
1962,65.4,0,-42,-42,-42,4
1965,65.5,0,-42,-42,-42,4
1968,65.6,0,-42,-42,-42,4
1971,65.7,0,-42,-42,-42,4
1974,65.8,0,-42,-42,-42,4
1977,65.9,0,-42,-42,-42,4
1980,66,0,-42,-42,-42,2
1983,66.1,0,-42,-42,-42,4
1986,66.2,0,-42,-42,-42,4
1989,66.3,0,-42,-42,-42,4