12.55574417,0,1,-1,0,0,2,66,69,10,0,84,59.29,0,-36,-61,-976
12.64597511,0,1,-1,0,0,2,66,69,10,0,84,59.29,0,-36,-61,-976
12.73283505,0,1,0,0,0,2,66,69,10,0,84,59.33,0,-7,-30,-998
12.8247664,0,1,0,0,0,2,66,69,10,0,84,59.35,0,-11,-27,-998
12.88710523,0,1,0,0,0,2,66,69,10,0,84,59.3,0,-10,-29,-999
12.94140315,0,1,0,0,0,2,66,69,10,0,84,59.3,0,-10,-29,-999
13.03231525,0,1,0,0,0,2,66,69,10,0,84,59.27,0,-9,-28,-1000
13.11561131,0,1,0,0,0,2,67,69,10,0,84,59.3,0,-11,-28,-1002
13.1778214,0,1,0,0,0,2,67,69,10,0,84,59.3,0,-11,-28,-1002
13.26059127,0,1,0,0,0,2,67,69,10,0,84,59.3,0,-11,-28,-1002
13.32021236,0,1,0,0,0,2,67,69,10,0,84,59.27,0,-10,-27,-1002
13.39120102,0,1,0,0,0,2,67,69,10,0,84,59.27,0,-10,-27,-1002
13.48211026,0,1,0,0,0,2,67,69,10,0,84,59.27,0,-10,-27,-1002
13.53403926,0,1,0,0,0,2,67,69,10,0,84,59.27,0,-10,-27,-1002
13.6364882,0,1,0,0,0,2,67,69,10,0,84,59.27,0,-10,-27,-1002
13.69600415,0,1,0,0,0,2,67,69,10,0,84,59.27,0,-10,-27,-1002
13.76343441,0,1,0,0,0,2,67,69,10,0,84,59.27,0,-10,-27,-1002
13.87450027,0,1,0,0,0,0,67,69,10,0,84,59.41,0,-10,-28,-1003
13.94199443,0,1,0,0,0,0,67,69,10,0,84,59.41,0,-10,-28,-1003
14.01575398,0,1,0,0,0,0,67,69,10,0,84,59.41,0,-10,-28,-1003
14.08440137,0,1,0,0,0,0,67,69,10,0,84,59.41,0,-10,-28,-1003
14.17055821,0,1,0,0,0,0,67,69,10,0,84,59.41,0,-10,-28,-1003
14.22206521,0,1,0,0,0,0,67,69,10,0,84,59.41,0,-10,-28,-1003
14.30164504,0,1,0,0,0,0,67,69,10,0,84,59.41,0,-10,-28,-1003
14.39596534,0,1,0,0,0,0,67,69,10,0,84,59.41,0,-10,-28,-1003
14.47270513,0,1,0,0,0,0,67,69,10,0,84,59.41,0,-10,-28,-1003
14.53648925,0,1,0,0,0,0,67,69,10,0,84,59.41,0,-10,-28,-1003
14.62603211,0,1,0,0,0,0,67,69,10,0,84,59.41,0,-10,-28,-1003
14.70092916,0,1,0,0,0,0,67,69,10,0,84,59.41,0,-10,-28,-1003
14.78542113,0,1,0,0,0,0,66,69,10,0,84,59.41,0,-9,-28,-1001
14.88432121,0,1,0,0,0,0,66,69,10,0,84,59.41,0,-9,-28,-1001
14.94204116,0,1,0,0,0,0,66,69,10,0,84,59.41,0,-9,-28,-1001
15.05429721,0,1,0,0,0,0,66,69,10,0,84,59.41,0,-9,-28,-1001
15.15140629,0,1,0,0,0,0,66,69,10,0,84,59.41,0,-9,-28,-1001
15.19786024,0,1,0,0,0,0,66,69,10,0,84,59.41,0,-9,-28,-1001
15.26521015,0,1,0,0,0,0,66,69,10,0,84,59.41,0,-9,-28,-1001
15.35804534,0,1,0,0,0,0,66,69,10,0,84,59.41,0,-9,-28,-1001
15.4478631,0,1,0,0,0,0,66,69,10,0,84,59.41,0,-9,-28,-1001
15.55577326,0,1,0,0,0,0,66,69,10,0,84,59.41,0,-9,-28,-1001
15.6278522,0,1,0,0,0,0,66,69,10,0,84,59.41,0,-9,-28,-1001
15.71818924,0,1,0,0,0,0,66,69,10,0,84,59.41,0,-9,-28,-1001
15.81077504,0,1,0,0,0,0,66,69,10,0,84,59.41,0,-9,-28,-1001
15.91871214,0,1,0,0,0,0,66,69,10,0,84,59.41,0,-9,-28,-1001
16.01382232,0,1,0,0,0,0,66,69,10,0,84,59.41,0,-9,-28,-1001
16.10040021,0,1,0,0,0,0,66,69,10,0,84,59.41,0,-9,-28,-1001
16.17345619,0,1,0,0,0,0,66,69,10,0,84,59.41,0,-9,-28,-1001
16.22403717,0,1,0,0,0,0,66,69,10,0,84,59.41,0,-9,-28,-1001
16.2896452,0,1,0,0,0,0,66,69,10,0,84,59.41,0,-9,-28,-1001
16.37476921,1,0,-1,0,0,-8,68,69,41,20,84,59.82,1,72,-13,-927
16.42913532,1,0,-1,0,0,-8,68,69,41,20,84,59.82,1,72,-13,-927
16.51264429,0,0,-1,0,0,-7,68,69,49,30,84,59.99,1,46,17,-899
16.5934341,0,0,-1,0,0,-5,68,69,55,40,84,60.07,1,33,-9,-879
16.67565918,0,0,-1,0,0,-4,68,69,63,40,84,60.08,1,32,-23,-876
16.77674913,0,0,-1,0,0,-4,68,69,63,40,84,60.08,1,32,-23,-876
16.83272028,0,0,-1,4,0,-3,68,69,67,40,84,60.05,1,8,-20,-928
16.89488006,4,0,-1,4,-1,-2,68,69,70,50,84,60.16,1,-3,-23,-945
16.95458412,4,0,-1,4,-1,-2,68,69,70,50,84,60.16,1,-3,-23,-945
17.0246563,8,2,-2,3,-1,-1,68,69,72,50,84,60.19,1,22,-25,-944
17.08626628,8,2,-2,3,-1,-1,68,69,72,50,84,60.19,1,22,-25,-944
17.14771938,8,3,-2,2,0,-1,67,70,74,50,84,60.27,1,28,-17,-999
17.2276144,6,3,-2,0,0,-1,67,70,78,50,84,60.12,1,73,-21,-972
17.31579423,4,2,-2,0,0,0,67,70,79,50,84,60.31,1,43,4,-974
17.4031024,4,2,-1,0,0,0,67,70,80,60,84,60.24,2,24,6,-970
17.45375323,4,2,-1,0,0,0,67,70,80,60,84,60.24,2,24,6,-970
17.55386019,3,1,-1,0,0,0,67,70,84,60,84,60.21,2,54,9,-979
17.63942504,3,0,-1,0,0,0,67,70,85,60,84,60.29,2,47,0,-989
17.70002413,3,0,-1,0,0,0,67,70,85,60,84,60.29,2,47,0,-989
17.75501013,3,0,-1,0,0,0,67,70,86,60,84,60.28,2,47,18,-982
17.85023928,3,-1,-1,0,0,0,67,70,86,60,84,60.14,2,71,-14,-975
17.94474816,3,-1,-1,0,0,0,67,70,86,60,84,60.27,2,55,-13,-981
18.03629637,4,0,-1,0,0,0,67,70,89,60,84,60.3,2,67,-18,-945
18.13601518,3,0,-1,0,0,0,68,69,89,60,84,60.38,2,78,-39,-965
18.21093726,3,0,-1,0,0,0,68,69,88,70,84,60.32,2,62,-28,-995
18.31438899,3,0,-1,0,0,0,68,69,87,70,84,60.35,2,46,-4,-1005
18.38606834,3,0,-1,0,0,0,68,69,87,70,84,60.35,2,46,-4,-1005
18.47189617,3,1,-2,0,0,0,68,69,88,70,84,60.34,3,43,6,-996
18.55815339,3,0,-1,0,0,0,68,69,86,70,84,60.32,3,66,-8,-999
18.65191031,3,0,-2,0,0,0,68,69,86,70,84,60.2,3,71,-26,-997
18.76710916,3,0,-2,0,0,0,68,69,84,70,84,60.25,3,61,-31,-979
18.82216239,3,0,-1,0,0,0,68,69,86,60,84,60.23,3,86,-25,-1003
18.91415238,3,1,-1,0,0,0,68,69,85,60,84,60.36,3,59,-21,-967
19.01535225,4,1,-1,0,0,0,68,69,84,60,84,60.21,3,80,-47,-1026
19.07650042,3,1,-1,0,0,0,67,70,82,60,84,60.39,3,45,1,-1008
19.17804742,4,2,-2,0,0,0,67,70,82,60,84,60.17,3,81,-15,-993
19.26066732,4,2,-2,0,0,0,67,70,82,60,84,60.17,3,81,-15,-993
19.34039521,4,1,-2,0,0,0,67,70,80,60,84,60.16,3,45,-4,-1028
19.41497922,3,1,-2,0,0,0,67,70,79,60,84,60.24,4,84,-35,-1049
19.50719213,3,1,-2,0,0,0,67,70,80,60,84,60.18,4,51,-28,-965
19.59939528,4,0,-2,0,0,0,67,70,79,60,84,60.16,4,39,-54,-1013
19.68800306,4,0,-2,0,0,0,67,70,79,60,84,60.16,4,39,-54,-1013
19.76488805,4,0,-1,0,0,0,67,70,78,60,84,60.11,4,41,-67,-1029
19.85685039,3,1,-1,0,0,0,67,70,79,60,84,60.22,4,15,-44,-1021
19.93299937,2,2,-1,0,0,0,67,70,79,60,84,60.2,4,53,-50,-1004
19.99686933,2,2,-1,0,0,0,67,70,79,60,84,60.2,4,53,-50,-1004
20.06608105,2,3,-1,0,0,0,67,70,79,60,84,60.15,4,19,-30,-967
20.15731406,1,3,-1,-1,0,0,68,70,78,60,84,60.13,4,48,-57,-982
20.22876215,0,2,-1,0,0,0,68,70,78,60,84,60.22,4,29,-52,-938
20.28552723,0,2,-1,0,0,0,68,70,78,60,84,60.22,4,29,-52,-938
20.36001825,0,2,-1,0,0,0,68,70,80,60,84,60.2,5,42,-52,-982
20.43877411,1,2,-1,0,0,0,68,70,79,60,84,60.05,5,63,-69,-1013
20.51390433,2,3,-1,0,0,0,68,70,77,60,84,60.04,5,55,-38,-1033
20.60902715,2,3,-1,0,0,0,68,70,77,60,84,60.04,5,55,-38,-1033
20.70247602,2,3,-1,0,0,0,68,70,80,60,84,60.17,5,51,-41,-989
20.78702736,3,2,-1,0,0,0,68,70,79,60,84,60.12,5,55,-38,-1033
20.86278605,3,3,-1,0,0,0,68,70,79,60,84,60.15,5,49,-59,-984
20.92169714,2,3,-1,0,0,0,68,70,76,60,84,60.19,5,85,-58,-1017
20.93368125,2,3,-1,0,0,0,68,70,76,60,84,60.19,5,85,-58,-1017
20.94489813,2,3,-1,0,0,0,68,70,76,60,84,60.19,5,85,-58,-1017
20.9558394,2,3,-1,0,0,0,68,70,76,60,84,60.19,5,85,-58,-1017
20.96733904,2,3,-1,0,0,0,68,70,76,60,84,60.19,5,85,-58,-1017
20.97885728,2,3,-1,0,0,0,68,70,76,60,84,60.19,5,85,-58,-1017
20.99050236,2,3,-1,0,0,0,68,70,76,60,84,60.19,5,85,-58,-1017
21.00244522,2,3,-1,0,0,0,68,70,76,60,84,60.19,5,85,-58,-1017
21.08004618,3,3,-1,0,0,0,68,70,77,60,84,60.21,5,79,-50,-990
21.14845729,4,2,-1,0,0,0,69,70,78,60,84,60.2,5,64,-43,-987
21.21751618,4,2,-1,0,0,0,69,70,78,60,84,60.2,5,64,-43,-987
21.27890038,4,2,-1,0,0,0,69,70,78,60,84,60.25,5,53,-41,-1016
21.34086609,-1,2,-2,1,0,0,69,70,79,60,84,60.18,6,59,-37,-987
21.43072009,-2,2,-2,2,0,0,69,70,80,60,84,60.13,6,80,-40,-974
21.49530602,-2,2,-2,2,0,0,69,70,80,60,84,60.13,6,80,-40,-974
21.57721543,-2,2,-2,3,0,0,69,70,80,60,84,60.21,6,36,-34,-1002
21.63177013,-2,2,-2,4,0,0,69,70,77,60,84,60.12,6,23,-37,-1035
21.69401717,-2,2,-2,4,0,0,69,70,77,60,84,60.12,6,23,-37,-1035
21.75542402,-2,1,-2,5,0,0,69,70,76,60,84,60.15,6,40,-27,-995
21.82899523,-1,1,-2,5,0,0,69,70,76,60,84,60.35,6,23,-15,-994
21.87101007,-1,1,-2,5,0,0,69,70,76,60,84,60.35,6,23,-15,-994
21.95404911,-1,2,-2,6,0,0,69,70,75,60,84,60.25,6,26,-28,-1017
22.05444717,-1,2,-2,6,0,0,69,70,76,60,84,60.19,6,24,-17,-966
22.13135409,-1,2,-2,6,0,0,69,70,76,60,84,60.19,6,24,-17,-966
22.20316005,-1,0,-2,7,0,0,69,72,75,60,84,60.2,6,34,20,-1007
22.27788901,0,0,-2,7,1,0,69,72,75,60,84,60.03,6,23,16,-989
22.34737206,0,-1,-2,8,1,0,69,72,75,60,84,60.12,7,20,32,-994
22.41000724,0,-1,-2,8,1,0,69,72,75,60,84,60.12,7,20,32,-994
22.51178432,0,-1,-1,8,1,0,69,72,76,60,84,60.15,7,46,9,-1029
22.59043145,1,-1,-1,8,0,0,69,72,77,60,84,60.14,7,22,12,-979
22.65061927,1,-1,-1,8,0,0,69,72,77,60,84,60.14,7,22,12,-979
22.71724415,2,-1,-1,8,0,0,69,72,77,60,84,60.18,7,18,3,-1006
22.79621243,2,-1,-1,8,0,0,69,72,78,60,84,60.15,7,26,-3,-979
22.87513113,1,-1,-1,8,0,0,69,72,80,60,84,60.12,7,33,-6,-1000
22.94943118,1,-1,-1,8,0,0,69,72,80,60,84,60.12,7,33,-6,-1000
23.03275704,1,-1,-1,8,0,0,69,72,80,60,84,60.08,7,23,-18,-981
23.13082814,2,0,-1,8,0,0,69,72,81,60,84,60.16,7,7,-13,-997
23.20893741,1,0,-1,8,0,0,68,71,81,60,84,60.11,7,1,-13,-963
23.27185512,1,0,-1,8,0,0,68,71,81,60,84,60.11,7,1,-13,-963
23.32432222,0,0,-2,8,0,0,68,71,81,60,84,60.11,8,-27,-1,-1001
23.37312818,0,0,-2,8,0,0,68,71,81,60,84,60.11,8,-27,-1,-1001
23.42110419,0,0,-2,7,0,0,68,71,79,60,84,60.32,8,-44,-12,-993
23.49210334,0,0,-2,7,0,0,68,71,79,60,84,60.32,8,-44,-12,-993
23.5429213,0,0,-2,7,0,0,68,71,80,60,84,60.17,8,-5,-20,-1017
23.59358835,0,0,-2,7,0,0,68,71,80,60,84,60.17,8,-5,-20,-1017
23.67488623,0,0,-2,7,0,0,68,71,83,60,84,60.06,8,-6,-41,-1001
23.73338008,-1,0,-2,7,0,0,68,71,82,60,84,60,8,-16,-13,-994
23.80198026,-1,0,-2,7,0,0,68,71,82,60,84,60,8,-16,-13,-994
23.89389801,-1,1,-1,7,0,0,68,71,81,60,84,60.01,8,-17,-37,-983
23.97894406,-1,1,-1,7,0,0,68,71,81,60,84,60.07,8,-14,-44,-993
24.06110215,-1,1,-1,7,0,0,68,71,82,60,84,60.08,8,-18,-33,-997
24.15055323,-1,1,-1,7,0,0,69,71,80,60,84,60.08,8,-42,-24,-989
24.22797632,-1,2,-1,7,0,0,69,71,82,60,84,60.29,8,-32,-21,-967
24.33492303,-1,2,-1,7,0,0,69,71,82,60,84,60.29,8,-32,-21,-967
24.43105412,-2,2,-1,7,0,0,69,71,82,60,84,60.17,9,-9,-26,-1010
24.50813007,-1,0,-2,7,0,0,69,71,80,60,84,60.33,9,-36,-15,-986
24.58448935,-2,0,-2,7,0,0,69,71,80,60,84,60.2,9,-21,-36,-1001
24.64493799,-1,0,-2,7,0,0,69,71,81,60,84,60.23,9,-14,-20,-1033
24.73907924,0,1,-1,7,-1,0,69,71,80,60,84,60.21,9,-30,-30,-1046
24.84752941,0,1,-1,8,-1,0,69,71,80,60,84,60.15,9,-5,-42,-990
24.91520214,0,1,-1,8,-1,0,69,71,80,60,84,60.15,9,-5,-42,-990
24.97087216,0,2,-1,8,-1,0,69,71,79,60,84,60.06,9,-24,-63,-1015
25.05809212,0,3,-1,7,-1,0,69,71,79,60,84,60.1,9,-7,-65,-1004
25.1570344,0,3,-1,7,-1,0,69,71,78,60,84,60.18,9,-15,-60,-995
25.23948741,0,3,-1,7,-1,0,69,71,78,60,84,60.18,9,-15,-60,-995
25.33547711,0,3,-1,7,-1,0,69,71,79,60,84,60.21,9,-9,-54,-1001
25.38064528,0,4,-1,7,-1,0,69,71,81,60,84,60.17,10,-1,-36,-993
25.46040916,0,3,-1,7,0,0,69,71,80,60,84,60.25,10,-22,-29,-1007
25.54400826,0,3,-1,7,0,0,69,71,80,60,84,60.25,10,-22,-29,-1007
25.60578108,0,2,-1,7,0,0,69,71,79,60,84,60.21,10,-28,-22,-998
25.67500329,0,1,-1,7,0,0,69,71,78,60,84,60.11,10,-31,-28,-987
25.76389503,-1,1,-1,7,0,0,69,71,78,60,84,60.15,10,-13,-23,-1008
25.83327317,-1,1,-1,7,0,0,69,71,78,60,84,60.15,10,-13,-23,-1008
25.94118619,-1,1,-1,7,0,0,69,71,78,60,84,60.12,10,-7,-49,-1018
26.04476023,0,1,0,7,0,0,69,71,77,60,84,60.15,10,-19,-64,-997
26.11300921,-1,2,0,7,0,0,69,71,78,60,84,60.07,10,-38,-43,-1007
26.15809512,-1,2,0,7,0,0,69,71,78,60,84,60.07,10,-38,-43,-1007
26.21877122,-1,2,0,7,0,0,69,71,78,60,84,60.07,10,-28,-43,-1005
26.29293108,-1,1,-1,7,0,0,69,71,78,60,84,59.97,10,-100,-15,-1009
26.35765314,-1,1,-1,7,0,0,69,71,78,60,84,59.97,10,-100,-15,-1009
26.44756031,-2,1,-1,6,0,0,69,71,78,60,84,60.1,11,-66,-22,-1020
26.49584222,-3,2,-1,6,0,0,69,71,79,60,84,60.14,11,-43,-42,-1032
26.55180907,-3,2,-1,6,0,0,69,71,79,60,84,60.14,11,-43,-42,-1032
26.60607719,-2,2,-1,7,0,0,69,71,78,60,84,60.16,11,-26,-55,-984
26.67834234,-2,2,-1,7,0,0,69,71,78,60,84,60.16,11,-26,-47,-994
26.77934003,-2,2,-1,7,0,0,69,71,78,60,84,60.16,11,-26,-47,-994
26.88163924,-2,2,-1,7,0,0,69,71,79,60,84,60.21,11,-34,-43,-1003
26.96442819,-1,2,-1,7,0,0,69,71,78,60,84,60.13,11,-40,-32,-996
27.0472734,-1,2,-1,7,0,0,69,71,79,60,84,60.1,11,-51,-34,-994
27.13148642,-1,2,-1,7,0,0,69,71,79,60,84,60.1,11,-51,-34,-994
27.20141435,-1,3,-1,7,0,0,69,71,79,60,84,60.12,11,-50,-55,-999
27.28263235,-1,3,-1,7,0,0,69,71,79,60,84,60.12,11,-50,-55,-999
27.37785125,0,3,-1,7,0,0,69,71,79,60,84,60.2,11,-22,-56,-961
27.46578622,4,2,-2,6,0,0,69,71,80,60,84,60.15,12,0,-53,-1013
27.55609226,5,2,-2,5,0,0,69,71,79,60,84,60.22,12,-1,-41,-1007
27.64296913,5,2,-2,5,0,0,69,71,79,60,84,60.22,12,-1,-41,-1007
27.69728017,4,1,-2,4,0,0,69,71,77,60,84,60.15,12,-14,-35,-1007
27.75889325,3,1,-2,3,0,0,69,71,78,60,84,60.11,12,1,-44,-1009
27.84011221,3,1,-2,3,0,0,69,71,78,60,84,60.11,12,1,-44,-1009
27.91931534,2,1,-2,3,0,0,69,71,77,60,84,60.01,12,3,-44,-1010
27.98222828,1,2,-2,2,0,0,69,71,78,60,84,60.04,12,9,-39,-999
28.0441153,1,2,-2,2,0,0,69,71,78,60,84,60.04,12,9,-39,-999
28.09995008,1,2,-1,2,0,0,69,71,77,60,84,60.08,12,5,-49,-996
28.17773008,1,2,-1,2,0,0,69,72,77,60,84,60.05,12,-5,-44,-1005
28.22165036,1,2,-1,2,0,0,69,72,77,60,84,60.05,12,-5,-44,-1005
28.2778554,0,1,-1,2,0,0,69,72,78,60,84,60.04,12,-8,-47,-1008
28.35177326,0,1,-1,2,0,0,69,72,78,60,84,60.04,12,-8,-47,-1008
28.43964434,0,2,-1,2,0,0,69,72,78,60,84,60.06,13,3,-28,-974
28.48968434,4,2,-1,2,0,0,69,72,80,60,84,60.05,13,-33,-44,-1024
28.57153106,5,2,-2,1,0,0,69,72,79,60,84,60.18,13,43,-48,-992
28.61335611,5,2,-2,1,0,0,69,72,79,60,84,60.18,13,43,-48,-992
28.62475538,5,2,-2,1,0,0,69,72,79,60,84,60.18,13,43,-48,-992
28.6356802,5,2,-2,1,0,0,69,72,79,60,84,60.18,13,43,-48,-992
28.6479013,5,2,-2,1,0,0,69,72,79,60,84,60.18,13,43,-48,-992
28.71455002,3,2,-2,0,0,0,69,72,78,60,84,60.13,13,33,-18,-983
28.78750014,2,2,-2,0,0,0,69,72,78,60,84,60.04,13,23,-15,-993
28.86828637,2,2,-2,0,0,0,69,72,79,60,84,59.98,13,37,-30,-992
28.93857622,2,2,-2,0,0,0,69,72,79,60,84,59.98,13,37,-30,-992
29.00682926,0,1,-2,0,0,0,69,72,79,60,84,60.12,13,2,-2,-944
29.09363937,-4,0,-2,1,0,0,69,72,79,60,84,60.13,13,25,-1,-957
29.1637392,-4,0,-2,1,0,0,69,72,79,60,84,60.13,13,25,-1,-957
29.23877525,-5,0,-2,2,0,0,69,71,79,60,84,60.13,13,37,-57,-984
29.30566931,-4,0,-2,3,0,0,69,71,78,60,84,60.18,13,14,-34,-1034
29.37361312,-4,0,-2,3,0,0,69,71,78,60,84,60.18,13,14,-34,-1034
29.46164727,-4,0,-2,4,0,0,69,71,78,60,84,60.14,14,-19,-13,-1044
29.54229927,-3,0,-2,4,0,0,69,71,80,60,84,60.06,14,-15,-12,-1021
29.63781238,-3,0,-2,5,0,0,69,71,77,60,84,60.13,14,-36,1,-1000
29.71196222,-3,0,-1,6,0,0,69,71,79,60,84,60.12,14,-19,-14,-1003
29.78253126,-3,0,-1,6,0,0,69,71,79,60,84,60.12,14,-19,-14,-1003
29.85666323,-2,0,-2,6,0,0,69,71,79,60,84,60.1,14,-21,-21,-994
29.93890619,-2,0,-2,7,0,0,69,71,78,60,84,60.16,14,-6,-22,-1024
30.02242923,-1,0,-2,7,0,0,69,71,79,60,84,60.11,14,-43,-6,-1022
30.10854816,-1,0,-2,7,0,0,69,71,79,60,84,60.11,14,-43,-6,-1022
30.1913631,-1,0,-2,7,0,0,69,71,80,60,84,60.2,14,-29,-32,-1001
30.24097824,-1,1,-2,7,0,0,70,73,79,60,84,60.13,14,-66,-31,-983
30.32175517,0,1,-2,7,0,0,70,73,80,60,84,60.09,14,-17,-58,-989
30.40741038,0,1,-2,7,0,0,70,73,80,60,84,60.09,14,-17,-58,-989
30.48923016,-1,2,-1,7,0,0,70,73,81,60,84,60.07,15,-40,-40,-999
30.5729003,-1,2,-1,7,-1,0,70,73,79,60,84,60.08,15,-42,-44,-998
30.64689517,-1,2,-1,7,-1,0,70,73,80,60,84,60,15,-29,-50,-1001
30.74018717,-1,2,-1,7,-1,0,70,73,80,60,84,60.02,15,-25,-41,-1011
30.82140517,-1,2,-1,7,0,0,70,73,80,60,84,60.1,15,-32,-30,-980
30.89426732,-1,2,-1,8,0,0,70,73,81,60,84,60.05,15,-20,-43,-988
30.94211936,-1,2,-1,8,0,0,70,73,81,60,84,60.05,15,-20,-43,-988
31.0340271,-1,2,-1,8,0,0,70,73,80,60,84,60.21,15,-33,-39,-999
31.12898207,0,2,-1,8,0,0,70,73,80,60,84,60.16,15,-25,-49,-1004
31.2003231,-1,2,-1,8,0,0,70,71,79,60,84,60.19,15,-15,-43,-980
31.27397418,-1,2,-1,8,0,0,70,71,80,60,84,60.2,15,-16,-41,-993
31.35586619,-1,2,-1,8,0,0,70,71,80,60,84,60.2,15,-16,-41,-993
31.43819118,0,2,-1,8,0,0,70,71,80,60,84,60.11,16,-17,-39,-1008
31.52069402,0,2,-1,8,0,0,70,71,80,60,84,60.11,16,-17,-38,-1004
31.60216331,0,2,-1,8,0,0,70,71,79,60,84,60.13,16,-22,-50,-982
31.68137336,0,2,-1,8,0,0,70,71,79,60,84,60.13,16,-22,-50,-982
31.73295927,0,1,-1,8,0,0,70,71,79,60,84,60.15,16,-10,-52,-993
31.79122734,0,2,-1,8,0,0,70,71,78,60,84,60.05,16,-11,-46,-1011
31.82940006,0,2,-1,8,0,0,70,71,78,60,84,60.05,16,-11,-46,-1011
31.89371109,0,2,-1,8,0,0,70,71,79,60,84,60.1,16,-7,-57,-985
31.98765111,0,2,-1,8,0,0,70,71,79,60,84,60.04,16,-21,-55,-998
32.10091424,0,2,-1,8,-1,0,70,71,78,60,84,60.11,16,-12,-48,-1004
32.19540524,0,3,-1,8,0,0,70,72,79,60,84,60.06,16,-7,-42,-997
32.28735638,0,3,-1,8,0,0,70,72,79,60,84,60.06,16,-7,-42,-997
32.38084817,0,4,-1,8,0,0,70,72,80,60,84,60.13,16,-27,-32,-1000
32.48328233,0,2,-1,8,0,0,70,72,79,60,84,60.13,17,-29,-46,-997
32.58342934,0,2,-1,8,0,0,70,72,80,60,84,60.09,17,-20,-41,-1000
32.67797136,0,1,-1,8,0,0,70,72,79,60,84,60.17,17,-39,-29,-994
32.73461318,-1,1,-1,8,0,0,70,72,78,60,84,60.19,17,-28,-30,-999
32.8286972,-1,1,-1,8,0,0,70,72,80,60,84,60.09,17,-46,-46,-992
32.89576912,-1,1,-1,8,0,0,70,72,80,60,84,60.09,17,-46,-46,-992
32.95540524,-1,1,-1,8,0,0,70,72,78,60,84,60.13,17,-48,-37,-1003
33.01913428,-1,2,-1,8,0,0,70,72,81,60,84,60.17,17,-27,-34,-991
33.09479237,-1,2,-1,8,0,0,70,72,81,60,84,60.17,17,-27,-34,-991
33.1746912,-1,2,-2,8,0,0,70,72,80,60,84,60.13,17,15,-56,-977
33.22027922,0,2,-2,8,0,0,70,72,81,60,84,60.13,17,-14,-43,-997
33.28561926,0,2,-2,8,0,0,70,72,81,60,84,60.13,17,-14,-43,-997
33.32074523,0,2,-2,8,0,0,70,72,80,60,84,60.09,18,3,-62,-1010
33.40156531,0,2,-2,8,0,0,70,72,80,60,84,60.09,18,3,-62,-1010
33.44355631,0,2,-2,9,0,0,70,72,81,60,84,60.14,18,3,-49,-989
33.50576925,0,2,-2,9,0,0,70,72,81,60,84,60.14,18,3,-49,-989
33.55926919,1,2,-2,9,0,0,70,72,80,60,84,60.14,18,8,-41,-989
33.62140012,1,2,-2,9,0,0,70,72,79,60,84,60.11,18,21,-53,-971
33.68798518,1,2,-2,9,0,0,70,72,79,60,84,60.11,18,21,-53,-971
33.75221229,1,2,-1,8,0,0,70,72,81,60,84,60.1,18,-2,-43,-997
33.82732916,1,2,-1,8,0,0,70,72,81,60,84,60.1,18,-2,-43,-997
33.92095327,1,2,-1,9,0,0,70,72,79,60,84,60.12,18,14,-41,-977
33.97434425,1,3,-1,9,0,0,70,72,80,60,84,60.12,18,35,-70,-965
34.04852819,1,2,-1,8,0,0,70,72,80,60,84,60.19,18,12,-50,-999
34.13703704,1,2,-1,8,0,0,70,72,80,60,84,60.19,18,12,-50,-999
34.21661115,1,1,-1,8,0,0,70,72,79,60,84,60.14,18,-1,-32,-1005
34.32477736,1,2,-1,8,0,0,70,72,79,60,84,60.13,18,3,-66,-991
34.42155027,0,3,-1,8,0,0,70,72,80,60,84,60.17,19,-19,-52,-1012
34.50428915,0,3,-1,8,0,0,70,72,79,60,84,60.16,19,8,-50,-993
34.60081935,1,2,-1,8,0,0,70,72,79,60,84,60.18,19,-3,-56,-1001
34.6491394,4,3,-1,8,0,0,70,72,81,60,84,60.18,19,-16,-56,-996
34.71609807,4,3,-1,8,0,0,70,72,81,60,84,60.18,19,-16,-56,-996
34.79075217,7,2,-1,7,0,0,70,72,79,60,84,60.18,19,-19,-72,-1003
34.86406922,7,3,-1,5,0,0,70,72,81,60,84,60.11,19,-12,-85,-992
34.95643115,6,5,-1,4,-1,0,70,72,81,60,84,60.22,19,3,-74,-989
35.04996824,4,5,-1,4,0,0,70,72,80,60,84,60.14,19,56,-72,-1009
35.13751221,4,3,-1,4,0,0,70,72,80,60,84,60.15,19,47,-42,-977
35.19743419,4,3,-1,4,0,0,70,72,80,60,84,60.15,19,47,-42,-977
35.27408934,8,2,-1,3,0,0,71,72,81,60,84,60.16,19,32,-68,-999
35.34197927,8,2,-1,2,0,0,71,72,81,60,84,60.19,20,16,-70,-1005
35.40921926,7,3,-1,1,0,0,71,72,81,60,84,60.13,20,19,-68,-1021
35.50932217,5,4,-1,0,0,0,71,72,80,60,84,60.18,20,29,-68,-1013
35.52000117,5,4,-1,0,0,0,71,72,80,60,84,60.18,20,29,-68,-1013
35.53138208,5,4,-1,0,0,0,71,72,80,60,84,60.18,20,29,-68,-1013
35.54262519,5,4,-1,0,0,0,71,72,80,60,84,60.18,20,29,-68,-1013
35.55360317,5,4,-1,0,0,0,71,72,80,60,84,60.18,20,29,-68,-1013
35.62432528,3,3,-1,0,0,0,71,72,80,60,84,60.22,20,54,-88,-987
35.69925928,3,3,-1,0,0,0,71,72,80,60,84,60.22,20,54,-88,-987
35.78857327,4,4,-1,0,0,0,71,72,82,60,84,60.15,20,41,-72,-989
35.83433437,4,4,-1,0,0,0,71,72,82,60,84,60.15,20,41,-72,-989
35.91648626,-2,4,-2,1,0,0,71,72,80,60,84,60.2,20,38,-67,-994
36.00416112,-2,4,-2,1,0,0,71,72,80,60,84,60.2,20,38,-67,-994
36.09087205,-4,4,-2,2,0,0,71,72,79,60,84,60.17,20,12,-60,-981
36.13321805,-3,3,-1,3,0,0,71,72,79,60,84,60.25,20,4,-74,-992
36.22896123,-3,4,-2,4,0,0,70,73,80,60,84,60.21,20,18,-84,-1009
36.26427817,-3,4,-2,4,0,0,70,73,80,60,84,60.21,20,18,-84,-1009
36.33458519,-2,4,-2,4,0,0,70,73,78,60,84,60.19,21,10,-85,-984
36.40279031,-2,4,-2,4,0,0,70,73,78,60,84,60.19,21,10,-85,-984
36.51280427,-2,4,-1,5,0,0,70,73,80,60,84,60.28,21,6,-87,-1018
36.60156131,-1,4,-2,6,0,0,70,73,79,60,84,60.35,21,31,-84,-996
36.69563532,-1,5,-2,6,0,0,70,73,79,60,84,60.3,21,27,-38,-977
36.78947711,0,4,-3,7,0,0,70,73,78,60,84,60.37,21,47,-58,-955
36.83867121,0,3,-2,8,0,0,70,73,79,60,84,60.2,21,60,-42,-955
36.92639422,0,3,-2,8,0,0,70,73,79,60,84,60.2,21,60,-42,-955
37.01824307,1,2,-2,9,0,0,70,73,80,60,84,60.09,21,61,-34,-1011
37.11026025,3,1,-2,9,0,0,70,73,78,60,84,60.08,21,53,-38,-1036
37.17603612,3,1,-1,9,0,0,70,73,81,60,84,60.09,21,46,-53,-1026
37.2454412,3,1,-2,9,0,0,71,73,81,60,84,60.06,21,31,-41,-1005
37.32026219,3,1,-2,9,0,0,71,73,81,60,84,60.06,21,31,-41,-1005
37.39355803,3,2,-1,9,0,0,71,73,82,60,84,60.03,22,49,-36,-985
37.48261309,3,1,-1,9,0,0,71,73,82,60,84,60.05,22,55,-54,-996
37.54675126,3,1,-1,9,0,0,71,73,82,60,84,60.05,22,55,-54,-996
37.63969827,3,1,-1,9,0,0,71,73,83,60,84,60.03,22,34,-39,-987
37.6884203,3,1,-1,9,0,0,71,73,86,60,84,60.02,22,35,-38,-991
37.79223228,3,1,-1,8,0,0,71,73,87,60,84,60.05,22,34,-32,-978
37.88698316,3,0,-1,8,0,0,71,73,87,60,84,60.06,22,30,-38,-956
37.97165108,5,0,-1,8,0,0,71,73,87,60,84,60.09,22,39,-34,-970
38.06644607,5,0,-1,8,0,0,71,73,87,60,84,60.09,22,39,-34,-970
38.15118217,7,0,-1,7,0,0,71,73,88,60,84,60.03,22,3,-39,-1010
38.24654412,7,0,-1,6,0,0,71,73,89,60,84,60.13,22,10,-24,-1013
38.32014108,7,0,-1,5,-1,0,71,73,90,60,84,60.08,22,0,-40,-1008
38.40339303,7,2,-1,4,-1,0,71,73,89,70,84,60.09,23,5,-50,-986
38.46332526,7,2,-1,4,-1,0,71,73,89,70,84,60.09,23,5,-50,-986
38.56290817,6,5,-1,3,-1,0,71,73,89,70,84,60.06,23,12,-19,-1019
38.68229127,4,3,-1,2,0,0,71,73,87,70,84,60.03,23,26,-46,-978
38.75225329,4,3,-1,2,0,0,71,73,87,70,84,60.03,23,26,-46,-978
38.84631515,7,2,-1,2,0,0,71,73,88,70,84,60.06,23,55,-40,-972
38.91303515,7,2,-1,1,0,0,71,73,87,70,84,60.01,23,42,-24,-1010
38.94057703,5,2,-1,0,0,0,71,73,86,60,84,59.98,23,68,-36,-1019
38.95108032,5,2,-1,0,0,0,71,73,86,60,84,59.98,23,68,-36,-1019
38.96307135,5,2,-1,0,0,0,71,73,86,60,84,59.98,23,68,-36,-1019
38.97429824,5,2,-1,0,0,0,71,73,86,60,84,59.98,23,68,-36,-1019
39.04608011,4,1,-1,0,0,0,71,73,86,60,84,60.19,23,81,-35,-985
39.10607934,4,1,-1,0,0,0,71,73,86,60,84,60.19,23,81,-35,-985
39.20025539,5,0,-1,0,0,0,71,73,86,60,84,60.2,23,96,-61,-975
39.28835726,5,1,-1,0,0,0,71,73,86,60,84,60.09,23,62,-71,-1005
39.34198236,8,1,-1,0,0,0,71,73,87,60,84,60.15,24,58,-66,-993
39.42751622,8,1,-1,0,0,0,71,73,87,60,84,60.15,24,58,-66,-993
39.46874118,8,1,-1,0,0,0,71,73,85,60,84,60.26,24,98,-99,-971
39.54557824,7,2,-1,0,0,0,71,73,85,60,84,60.13,24,95,-59,-998
39.61114526,7,2,-1,0,0,0,71,73,85,60,84,60.13,24,95,-59,-998
39.70601821,7,2,-1,0,-1,0,71,73,86,60,84,60.07,24,121,-50,-969
39.80811715,8,2,-1,-1,0,0,71,73,86,60,84,60.16,24,114,-33,-972
39.88440132,8,2,-1,-1,0,0,71,73,86,60,84,60.19,24,134,-51,-1011
39.97343206,8,2,-1,-1,0,0,71,73,85,60,84,60.1,24,125,-61,-998
40.0490222,8,2,-1,-1,0,0,71,73,85,60,84,60.1,24,125,-61,-998
40.13202929,8,2,-1,-1,-1,0,71,73,84,60,84,60.19,24,120,-43,-946
40.226336,8,2,-1,-1,-1,0,71,73,84,60,84,60.13,24,118,-31,-989
40.31939816,9,2,-1,-2,0,0,71,73,82,60,84,60.11,24,112,-43,-1005
40.4196322,8,2,-1,-2,0,0,71,73,82,60,84,60.04,25,99,-42,-1028
40.45549011,8,1,-1,-2,0,0,71,73,82,60,84,60.08,25,102,-46,-988
40.52588224,8,1,-1,-2,0,0,71,73,82,60,84,60.08,25,102,-46,-988
40.5863812,8,2,-1,-3,-1,0,71,73,82,60,84,60.09,25,101,-18,-1002
40.66965723,8,2,-1,-3,0,0,71,73,82,60,84,59.84,25,118,9,-977
40.77109313,8,3,-1,-3,0,0,71,73,82,60,84,59.87,25,127,34,-987
40.82092333,8,3,-1,-3,0,0,71,73,82,60,84,59.87,25,127,34,-987
40.88582516,8,2,-1,-3,0,0,71,73,81,60,84,59.89,25,133,24,-1009
40.97529125,8,2,-1,-3,0,0,71,73,81,60,84,59.89,25,133,24,-1009
41.05454516,8,1,-1,-3,0,0,71,73,82,60,84,59.85,25,156,-5,-997
41.12197232,8,0,-1,-3,0,0,71,73,80,60,84,59.83,25,159,-34,-990
41.18477917,9,0,-1,-3,1,0,71,73,81,60,84,59.72,25,151,-2,-1008
41.23336124,9,0,-1,-3,1,0,71,73,81,60,84,59.72,25,151,-2,-1008
41.31937003,8,0,-1,-3,1,0,71,73,83,60,84,59.79,25,159,-19,-995
41.38560104,8,0,-1,-4,1,0,71,73,85,60,84,59.86,26,146,2,-969
41.47982526,9,0,-1,-4,1,0,71,73,83,60,84,59.87,26,140,-19,-989
41.57888722,9,0,-1,-4,1,0,71,73,85,60,84,59.71,26,159,-37,-1003
41.64491701,9,0,-1,-4,1,0,71,73,85,60,84,59.71,26,159,-37,-1003
41.71557927,9,0,-1,-4,1,0,71,73,85,60,84,59.77,26,110,16,-983
41.79078913,9,0,-1,-5,1,0,71,73,84,60,84,59.88,26,117,31,-961
41.87825203,9,0,-1,-5,1,0,71,73,84,60,84,59.88,26,117,31,-961
41.96637416,9,0,-1,-5,1,0,71,73,85,60,84,59.79,26,145,15,-1002
42.04584026,8,-1,-2,-5,2,0,71,73,83,60,84,59.99,26,132,30,-990
42.13703132,8,-1,-2,-5,2,0,71,73,86,60,84,59.89,26,116,55,-992
42.21721339,8,-2,-2,-6,2,0,71,73,87,60,84,59.7,26,142,12,-999
42.29223514,8,-2,-2,-6,2,0,71,73,87,60,84,59.7,26,142,12,-999
42.38751626,8,-2,-1,-6,2,0,71,74,86,60,84,59.53,26,114,12,-1005
42.4870441,8,-2,-1,-6,1,0,71,74,85,60,84,59.59,27,133,12,-997
42.57631111,8,-1,-1,-6,1,0,71,74,87,60,84,59.81,27,173,-11,-993
42.64494514,8,-1,-1,-6,1,0,71,74,87,60,84,59.84,27,147,17,-965
42.70265436,8,-1,-1,-6,1,0,71,74,87,60,84,59.86,27,143,18,-928
42.78418922,9,-1,-1,-6,1,0,71,74,86,60,84,59.64,27,104,9,-989
42.84680319,9,-1,-1,-6,1,0,71,74,86,60,84,59.64,27,104,9,-989
42.91990328,8,-2,-1,-7,1,0,71,74,87,60,84,59.71,27,132,15,-999
42.96470332,8,-1,-1,-7,1,0,71,74,86,60,84,59.77,27,143,4,-960
43.02406716,8,-1,-1,-7,1,0,71,74,86,60,84,59.77,27,143,4,-960
43.11622334,8,-1,-1,-8,1,0,71,74,86,60,84,59.68,27,125,30,-981
43.1614182,8,-2,-1,-8,1,0,71,74,85,60,84,59.89,27,143,-19,-971
43.25570035,8,-2,-1,-8,1,0,71,74,85,60,84,59.89,27,143,-19,-971
43.28884721,7,-1,-2,-8,0,0,71,73,84,60,84,59.87,27,144,0,-1003
43.33057928,7,-1,-2,-8,0,0,71,73,84,60,84,59.87,27,144,0,-1003
43.38945723,7,-1,-2,-8,0,0,71,73,83,60,84,59.73,28,131,15,-1002
43.47210217,6,-2,-2,-8,0,0,71,73,83,60,84,59.75,28,129,-16,-986
43.51974916,6,-2,-2,-8,0,0,71,73,83,60,84,59.75,28,129,-16,-986
43.57618833,6,-1,-2,-8,0,0,71,73,82,60,84,59.71,28,112,18,-999
43.6180501,6,-1,-2,-8,0,0,71,73,82,60,84,59.71,28,112,18,-999
43.6944313,6,-1,-2,-9,0,0,71,73,82,60,84,59.72,28,103,19,-981
43.7824204,6,-1,-2,-9,0,0,71,73,84,60,84,59.7,28,118,0,-986
43.86153817,6,-1,-2,-9,0,0,71,73,84,60,84,59.7,28,118,0,-986
43.93932724,5,-1,-1,-9,0,0,71,73,81,60,84,59.88,28,134,20,-990
44.02431941,5,-1,-1,-8,0,0,71,73,80,60,84,59.92,28,98,57,-992
44.12456703,5,-1,-1,-8,0,0,71,73,82,60,84,59.85,28,125,21,-1014
44.21263623,6,-2,-2,-8,0,0,71,73,80,60,84,59.86,28,118,36,-994
44.2789073,6,-2,-2,-8,0,0,71,73,80,60,84,59.86,28,118,36,-994
44.3480432,5,-2,-2,-8,0,0,71,73,79,60,84,59.85,28,122,22,-1008
44.41566324,6,-2,-2,-8,0,0,71,73,78,60,84,59.75,29,109,38,-1017
44.46843529,6,-2,-2,-8,0,0,71,73,78,60,84,59.75,29,109,38,-1017
44.5636301,5,-2,-2,-8,0,0,71,73,78,60,84,59.81,29,107,39,-1002
44.65138721,6,-1,-2,-8,0,0,71,73,80,60,84,59.87,29,99,48,-969
44.74404621,6,-2,-2,-8,0,0,71,73,80,60,84,59.83,29,116,23,-1006
44.82783723,6,-1,-2,-8,0,0,71,73,77,60,84,59.85,29,102,51,-1004
44.90086412,6,-1,-2,-8,0,0,71,73,78,60,84,59.83,29,90,60,-997
44.97993541,6,-1,-2,-8,0,0,71,73,78,60,84,59.83,29,90,60,-997
45.02929306,6,-1,-2,-8,0,0,71,73,79,60,84,59.91,29,116,25,-1008
45.11613917,6,-2,-1,-8,0,0,71,73,80,60,84,59.84,29,96,31,-996
45.20644307,6,-2,-2,-8,0,0,71,73,78,60,84,59.89,29,100,60,-994
45.27982903,6,-2,-2,-8,0,0,71,73,78,60,84,59.89,29,100,60,-994
45.35167623,5,-3,-1,-8,0,0,71,73,79,60,84,59.87,29,108,22,-964
45.40333629,5,-2,-2,-8,0,0,71,73,80,60,84,59.87,30,90,38,-1005
45.47795415,5,-2,-2,-8,0,0,71,73,80,60,84,59.87,30,90,38,-1005
45.54572725,6,-2,-2,-8,0,0,71,73,80,60,84,59.98,30,102,49,-994
45.61501217,6,-1,-2,-8,0,0,71,73,81,60,84,59.93,30,114,57,-967
45.71011615,6,-1,-2,-8,0,0,71,73,81,60,84,59.93,30,114,57,-967
45.79121733,6,-2,-2,-8,0,0,71,73,80,60,84,59.88,30,69,84,-1020
45.83869004,4,-2,-2,-8,0,0,71,73,80,60,84,59.87,30,117,37,-1043
45.91953826,5,-4,-2,-8,0,0,71,73,82,60,84,59.87,30,93,20,-968
46.01847339,5,-4,-2,-8,0,0,71,73,82,60,84,59.87,30,93,20,-968
46.1211133,5,-5,-1,-8,0,0,71,73,83,60,84,59.87,30,81,65,-982
46.19470429,5,-5,-1,-8,0,0,71,73,81,60,84,59.98,30,81,62,-983
46.26200604,5,-3,-1,-8,-1,0,71,73,82,60,84,59.91,30,118,32,-998
46.34299707,5,-2,-1,-8,-1,0,71,73,82,60,84,59.88,31,81,40,-988
46.42341709,5,-2,-1,-8,-1,0,71,73,82,60,84,59.88,31,81,40,-988
46.49451709,2,-2,-1,-8,-1,0,71,73,82,60,84,59.99,31,87,48,-983
46.60837626,0,-1,-1,-7,-1,0,71,73,81,60,84,59.95,31,77,47,-998
46.70871925,-1,0,-1,-6,-1,0,71,73,81,60,84,59.98,31,82,46,-1010
46.80222011,0,0,-1,-4,-1,0,71,73,81,60,84,59.92,31,124,32,-1000
46.88225007,1,0,-2,-3,-1,0,71,73,80,60,84,59.87,31,134,28,-975
46.98303318,3,1,-1,-3,0,0,71,73,81,60,84,59.84,31,126,6,-962
47.05244112,4,0,-1,-2,0,0,71,73,82,60,84,59.94,31,70,61,-1023
47.12855625,5,0,-1,-2,0,0,71,73,83,60,84,59.91,31,121,1,-961
47.22889233,5,0,-1,-2,0,0,71,73,82,60,84,59.99,31,114,-1,-998
47.3267231,5,0,-1,-2,0,0,71,74,82,60,84,59.91,32,104,11,-986
47.39376307,4,0,-2,-2,0,0,71,74,83,60,84,59.92,32,95,15,-1013
47.46186638,4,0,-2,-2,0,0,71,74,83,60,84,59.92,32,95,15,-1013
47.56539011,3,-1,-2,-2,0,0,71,74,81,60,84,59.99,32,122,7,-987
47.62069917,0,0,-2,-1,0,0,71,74,82,60,84,59.96,32,130,9,-974
47.69005537,0,0,-2,-1,0,0,71,74,82,60,84,59.96,32,130,9,-974
47.74873018,1,0,-1,0,0,0,71,74,82,60,84,60.03,32,63,26,-982
47.75983119,1,0,-1,0,0,0,71,74,82,60,84,60.03,32,63,26,-982
47.77222037,1,0,-1,0,0,0,71,74,82,60,84,60.03,32,63,26,-982
47.78294325,1,0,-1,0,0,0,71,74,82,60,84,60.03,32,63,26,-982
47.79531336,1,0,-1,0,0,0,71,74,82,60,84,60.03,32,63,26,-982
47.80753922,3,-1,-2,0,0,0,71,74,82,60,84,59.9,32,68,28,-1013
47.87040114,3,-1,-2,0,0,0,71,74,82,60,84,59.9,32,68,28,-1013
47.9510932,3,0,-2,0,0,0,71,74,82,60,84,59.9,32,91,0,-1034
47.99522209,3,0,-2,0,0,0,71,74,82,60,84,59.9,32,91,0,-1034
48.08523917,4,0,-2,0,0,0,71,74,82,60,84,59.92,32,72,23,-1004
48.16729331,8,0,-1,0,0,0,71,74,82,60,84,60.02,32,78,2,-988
48.24694824,9,0,-2,-1,0,0,71,74,83,60,84,59.98,32,37,28,-1032
48.31036019,9,0,-2,-2,0,0,71,73,83,60,84,60.03,33,73,10,-1009
48.38916731,9,0,-2,-2,0,0,71,73,83,60,84,60.03,33,73,10,-1009
48.47729731,9,0,-2,-2,0,0,71,73,82,60,84,59.98,33,59,17,-982
48.55575442,8,0,-2,-3,0,0,71,73,83,60,84,59.88,33,53,13,-1003
48.64489436,8,0,-2,-4,0,0,71,73,84,60,84,59.91,33,92,-21,-985
48.72013211,8,0,-1,-4,0,0,71,73,84,60,84,60.01,33,66,9,-990
48.78717637,8,0,-1,-4,0,0,71,73,84,60,84,60.01,33,66,9,-990
48.85089827,8,0,-1,-4,0,0,71,73,85,60,84,59.86,33,136,-16,-990
48.94623637,8,0,-1,-5,0,0,71,73,85,60,84,60.01,33,109,-23,-995
49.01761007,8,0,-1,-5,0,0,71,73,85,60,84,60.01,33,109,-23,-995
49.08090329,8,0,-1,-5,0,0,71,73,85,60,84,60.09,33,82,-7,-1002
49.16797519,8,1,-1,-6,0,0,71,73,85,60,84,60.07,33,143,-42,-993
49.24636221,8,2,-1,-6,0,0,71,73,83,60,84,60,33,123,-3,-977
49.30872607,8,2,-1,-6,0,0,71,73,83,60,84,60,33,123,-3,-977
49.3566494,8,1,-1,-6,0,0,71,73,85,60,84,60.04,34,117,-37,-973
49.44558907,8,1,-1,-6,0,0,71,73,83,60,84,60.14,34,78,10,-990
49.50869513,8,1,-1,-6,0,0,71,73,83,60,84,60.14,34,78,10,-990
49.59536219,8,1,-1,-7,0,0,71,73,84,60,84,60.2,34,100,-10,-994
49.7022593,8,1,-1,-7,0,0,71,73,83,60,84,60.04,34,115,-28,-1005
49.76587009,8,2,-1,-7,0,0,71,73,84,60,84,60.16,34,104,-27,-981
49.81571817,8,2,-1,-7,0,0,71,73,84,60,84,60.16,34,104,-27,-981
49.91341209,7,2,-1,-7,0,0,71,73,82,60,84,60.08,34,139,-49,-964
49.97066021,7,2,-1,-7,0,0,71,73,82,60,84,60.13,34,127,-50,-987
50.05960917,7,2,-1,-7,0,0,71,73,80,60,84,60.11,34,144,-37,-980
50.15496135,7,2,-1,-7,0,0,71,73,80,60,84,60.11,34,144,-37,-980
50.25903225,7,1,-1,-7,0,0,71,73,80,60,84,60.1,34,143,-34,-1017
50.3238163,7,1,-1,-7,0,0,71,73,80,60,84,60.1,34,143,-34,-1017
50.41202307,7,2,-1,-7,0,0,71,73,79,60,84,60.03,35,139,-45,-1001
50.5040493,7,2,-2,-7,0,0,71,73,81,60,84,60.01,35,165,-35,-1001
50.57758737,7,2,-1,-7,0,0,71,73,80,60,84,59.98,35,124,-34,-974
50.67792225,7,2,-2,-7,0,0,71,73,80,60,84,60.01,35,164,-33,-990
50.76208925,7,2,-2,-7,0,0,71,73,80,60,84,60.01,35,164,-33,-990
50.84581518,8,2,-1,-7,0,0,71,73,81,60,84,59.92,35,130,-36,-998
50.8870101,8,2,-1,-7,0,0,71,73,81,60,84,59.92,35,130,-36,-998
50.96690106,7,1,-1,-7,0,0,71,73,80,60,84,59.95,35,167,-53,-989
51.04824424,8,1,-1,-7,0,0,71,73,80,60,84,60,35,134,-32,-998
51.14529514,8,1,-1,-7,0,0,71,73,80,60,84,60,35,148,-35,-984
51.24623322,8,2,-1,-7,0,0,71,73,79,60,84,59.87,35,147,-21,-974
51.34699321,8,2,-1,-7,0,0,71,73,79,60,84,59.87,35,147,-21,-974
51.41070914,8,2,-1,-7,0,0,72,74,80,60,84,59.93,36,134,-13,-967
51.50065041,8,1,-1,-7,0,0,72,74,80,60,84,59.9,36,159,-35,-1026
51.57193327,8,1,-1,-7,0,0,72,74,81,60,84,59.91,36,166,-46,-1008
51.64255738,8,1,-1,-7,0,0,72,74,81,60,84,59.91,36,166,-46,-1008
51.70285797,8,2,-1,-7,0,0,72,74,79,60,84,59.92,36,141,-30,-978
51.77762938,8,1,-1,-7,0,0,72,74,80,60,84,59.94,36,173,-45,-981
51.84579039,8,2,-1,-7,0,0,72,74,79,60,84,59.96,36,130,-12,-988
51.91815329,8,2,-1,-7,0,0,72,74,79,60,84,59.96,36,130,-12,-988
51.96992111,8,1,-1,-7,0,0,72,74,79,60,84,60.09,36,141,-35,-984
52.0253644,8,1,-1,-7,0,0,72,74,79,60,84,60.09,36,141,-35,-984
52.08980036,8,2,-1,-7,0,0,72,74,79,60,84,60.04,36,103,-20,-961
52.15195417,8,2,-1,-7,0,0,72,74,79,60,84,60.08,36,121,-16,-979
52.23741221,8,2,-1,-7,0,0,72,74,79,60,84,60.08,36,121,-16,-979
52.29956412,8,2,-2,-8,0,0,72,74,78,60,84,60.04,36,118,-34,-1006
52.39684224,7,2,-2,-8,0,0,72,75,78,60,84,59.98,37,127,-10,-996
52.46754217,7,1,-2,-8,0,0,72,75,77,60,84,60.06,37,129,-40,-1002
52.51632428,7,1,-2,-8,0,0,72,75,77,60,84,60.06,37,129,-40,-1002
52.60140228,6,1,-1,-8,0,0,72,75,78,60,84,59.96,37,127,-43,-994
52.69385719,6,1,-1,-8,0,0,72,75,77,60,84,60.07,37,153,-57,-994
52.730443,6,1,-1,-8,0,0,72,75,77,60,84,60.07,37,153,-57,-994
52.82645226,7,2,-1,-7,0,0,72,75,79,60,84,60.06,37,119,-48,-998
52.90226722,7,1,-1,-7,0,0,72,75,79,60,84,60.07,37,127,-42,-1000
52.98243308,7,1,-1,-8,0,0,72,75,78,60,84,60.04,37,88,-43,-1010
53.07850718,7,2,-1,-8,0,0,72,75,79,60,84,60.06,37,134,-78,-1015
53.17045832,7,3,-1,-8,0,0,72,75,79,60,84,60.04,37,89,-47,-986
53.25420213,7,3,-1,-8,0,0,72,75,79,60,84,60.04,37,89,-47,-986
53.32442927,6,3,-1,-8,0,0,72,75,79,60,84,59.96,37,91,-74,-1009
53.4204433,5,3,-1,-8,0,0,73,75,80,60,84,60.02,38,76,-59,-976
53.49265027,5,3,-1,-8,0,0,73,75,80,60,84,60.03,38,91,-54,-1015
53.58268523,5,3,-1,-9,0,0,73,75,79,60,84,59.98,38,102,-64,-983
53.66237116,5,3,-1,-9,0,0,73,75,79,60,84,59.98,38,102,-64,-983
53.73794508,4,3,-1,-9,0,0,73,75,80,60,84,59.95,38,53,-37,-980
53.84142637,4,3,-1,-8,0,0,73,75,79,60,84,60.1,38,89,-60,-1000
53.93446827,5,3,-1,-8,0,0,73,75,79,60,84,60.03,38,120,-38,-969
53.98903131,5,3,-1,-8,0,0,73,75,79,60,84,60,38,127,-72,-983
54.08873606,5,4,-1,-8,0,0,73,75,79,60,84,60.06,38,123,-41,-987
54.17442036,5,4,-1,-8,0,0,73,75,79,60,84,60.06,38,123,-41,-987
54.26999116,6,3,-1,-8,1,0,73,75,80,60,84,60.05,38,120,-35,-962
54.33976912,6,2,-1,-8,1,0,73,75,79,60,84,60.16,38,143,-67,-984
54.41343737,6,3,-1,-7,1,0,73,75,79,60,84,60.12,39,121,-83,-987
54.50340319,4,2,-1,-7,1,0,73,75,78,60,84,60.05,39,61,-36,-990
54.58935237,1,3,-1,-7,0,0,73,75,76,60,84,60.1,39,119,-62,-1007
54.65408921,1,3,-1,-7,0,0,73,75,76,60,84,60.1,39,119,-62,-1007
54.72348905,-1,3,-2,-6,0,0,73,75,78,60,84,60.11,39,97,-41,-1023
54.79490042,-1,3,-1,-5,0,0,73,75,76,60,84,60.06,39,89,-78,-989
54.86107326,0,3,-1,-4,0,0,73,75,77,60,84,60.09,39,51,-58,-1042
54.94199133,0,3,-1,-4,0,0,73,75,77,60,84,60.09,39,51,-58,-1042
55.01246119,1,4,-1,-3,0,0,73,75,77,60,84,60.14,39,76,-69,-995
55.10742831,2,4,-1,-3,0,0,73,75,77,60,84,60.07,39,77,-95,-1005
55.19520307,1,5,-1,-3,0,0,73,75,77,60,84,60.12,39,60,-94,-984
55.28363538,0,6,-1,-3,0,0,73,75,77,60,84,60.15,39,61,-63,-1000
55.35936999,0,5,-1,-2,1,0,73,75,76,60,84,60.15,40,66,-66,-983
55.42031717,0,5,-1,-2,1,0,73,75,76,60,84,60.15,40,66,-66,-983
55.52753925,0,0,-2,-1,1,0,73,75,76,60,84,60.19,40,59,-87,-1000
55.60921526,0,0,-2,0,0,0,73,75,75,60,84,60.21,40,61,-68,-996
55.62065101,0,0,-2,0,0,0,73,75,75,60,84,60.21,40,61,-68,-996
55.63126135,0,0,-2,0,0,0,73,75,75,60,84,60.21,40,61,-68,-996
55.64357233,0,0,-2,0,0,0,73,75,75,60,84,60.21,40,61,-68,-996
55.7247982,2,2,-1,0,0,0,73,75,76,60,84,60.2,40,58,-79,-1027
55.79858518,3,3,-1,0,0,0,73,75,75,60,84,60.22,40,46,-59,-1018
55.87169218,3,4,-1,0,0,0,73,75,75,60,84,60.19,40,80,-81,-976
55.94103503,3,4,-1,0,0,0,73,75,75,60,84,60.19,40,80,-81,-976
55.99074411,6,4,-1,0,0,0,73,75,76,60,84,60.22,40,83,-66,-1012
56.08232021,6,4,-1,0,0,0,73,75,76,60,84,60.22,40,83,-66,-1012
56.17885113,8,2,-1,0,0,0,73,75,77,60,84,60.25,40,69,-48,-1019
56.27780414,8,2,-1,-1,0,0,73,75,76,60,84,60.13,40,79,-39,-1029
56.35020423,8,2,-1,-1,0,0,73,75,76,60,84,60.13,40,79,-39,-1029
56.40547609,8,3,-1,-1,0,0,73,75,77,60,84,60.18,41,123,-47,-1009
56.47932315,8,3,-1,-1,0,0,73,75,77,60,84,60.18,41,123,-47,-1009
56.55736709,8,3,-1,-2,0,0,73,75,77,60,84,60.15,41,87,-4,-991
56.62975311,8,2,-1,-2,0,0,73,75,77,60,84,60.22,41,83,-35,-996
56.72044635,8,1,-1,-3,0,0,73,75,78,60,84,60.11,41,117,-54,-967
56.82653332,8,1,-1,-3,0,0,73,75,78,60,84,60.23,41,107,-71,-989
56.8994832,8,1,-1,-4,0,0,73,75,78,60,84,60.19,41,110,-60,-977
56.99275017,8,1,-1,-4,0,0,73,75,77,60,84,60.29,41,127,-55,-1012
57.05811024,8,1,-1,-4,0,0,73,75,77,60,84,60.29,41,127,-55,-1012
57.16004038,8,2,-1,-5,0,0,73,75,78,60,84,60.23,41,130,-23,-977
57.25646734,8,2,-1,-5,0,0,73,75,78,60,84,60.25,41,139,-23,-999
57.32963324,8,2,-1,-5,0,0,73,75,79,60,84,60.26,41,163,-70,-1001
57.40740728,8,2,-1,-5,0,0,74,76,78,60,84,60.23,42,103,-55,-985
57.49679923,8,2,-1,-5,0,0,74,76,78,60,84,60.23,42,103,-55,-985
57.58101821,8,1,-1,-5,0,0,74,76,77,60,84,60.2,42,154,-87,-983
57.66550231,8,2,-1,-5,0,0,74,76,78,60,84,60.24,42,137,-22,-971
57.75869727,9,2,-1,-5,0,0,74,76,77,60,84,60.28,42,83,-25,-964
57.85702825,8,3,-1,-5,0,0,74,76,78,60,84,60.22,42,117,-59,-966
57.90370417,8,3,-1,-5,0,0,74,76,78,60,84,60.22,42,117,-59,-966
57.98783922,8,4,-1,-6,0,0,74,76,78,60,84,60.18,42,98,-30,-1015
58.03041816,8,4,-1,-6,0,0,74,76,78,60,84,60.18,42,98,-30,-1015
58.0871942,8,2,-1,-7,0,0,74,76,79,60,84,60.1,42,122,-36,-1041
58.16508818,8,2,-1,-7,0,0,74,76,79,60,84,60.1,42,122,-36,-1041
58.25381136,8,2,-1,-7,0,0,74,76,79,60,84,60.02,42,106,-42,-1033
58.3070612,7,2,-1,-7,0,0,74,76,79,60,84,59.85,42,104,10,-990
58.36886024,7,2,-1,-7,0,0,74,76,79,60,84,59.85,42,104,10,-990
58.44552708,7,2,-1,-7,0,0,73,76,80,60,84,60.05,43,136,-30,-949
58.54184437,8,2,-1,-7,0,0,73,76,79,60,84,59.93,43,158,-34,-991
58.60334635,8,1,-1,-7,0,0,73,76,81,60,84,59.93,43,186,-57,-999
58.67754126,8,1,-1,-7,0,0,73,76,81,60,84,59.93,43,186,-57,-999
58.78813124,9,0,-1,-7,0,0,73,76,81,60,84,60.07,43,156,-39,-978
58.84739733,9,0,-1,-7,0,0,73,76,81,60,84,60.07,43,156,-39,-978
58.93059516,7,1,-1,-7,0,0,73,76,80,60,84,59.88,43,176,-25,-1006
59.01686025,4,2,-1,-7,0,0,73,76,80,60,84,59.81,43,160,-22,-1005
59.0798552,4,2,-1,-7,0,0,73,76,80,60,84,59.81,43,160,-22,-1005
59.14708304,2,1,-1,-6,0,0,73,76,81,60,84,59.94,43,162,-43,-992
59.21605039,1,1,-1,-5,0,0,73,76,81,60,84,59.96,43,155,-25,-966
59.27484918,1,1,-1,-5,0,0,73,76,81,60,84,59.96,43,155,-25,-966
59.35547709,2,1,-1,-3,0,0,73,76,81,60,84,60.09,43,135,-22,-986
59.45168328,4,1,-1,-3,0,0,74,76,82,60,84,60.07,44,141,-35,-963
59.54050112,5,1,-1,-2,0,0,74,76,81,60,84,59.83,44,156,-40,-998
59.61069107,6,1,-1,-2,0,0,74,76,82,60,84,59.89,44,185,-32,-982
59.68434834,6,1,-1,-2,0,0,74,76,82,60,84,59.89,44,185,-32,-982
59.77583313,7,1,-1,-1,0,0,74,76,82,60,84,59.96,44,161,-29,-990
59.86749315,8,0,-1,-1,0,0,74,76,82,60,84,60.22,44,122,-32,-1004
59.93778515,8,0,-1,-1,0,0,74,76,81,60,84,60.15,44,71,-50,-1022
60.00634432,8,0,-1,-1,0,0,74,76,81,60,84,60.15,44,71,-50,-1022
60.11970615,6,0,-1,-2,0,0,74,76,81,60,84,60.15,44,69,-32,-1014
60.19719028,5,2,-1,-2,0,0,74,76,81,60,84,60.06,44,94,-54,-1022
60.29291439,4,1,-1,-3,0,0,74,76,82,60,84,59.95,44,57,-51,-1001
60.37350917,2,2,-1,-3,0,0,74,76,82,60,84,59.89,44,86,5,-986
60.46839619,1,3,-1,-2,0,0,74,76,82,60,84,59.95,45,111,-25,-984
60.56507635,0,2,-2,-1,0,0,74,76,82,60,84,59.97,45,123,3,-943
60.5825181,0,2,-2,-1,0,0,74,76,82,60,84,59.97,45,123,3,-943
60.59450221,0,2,-2,-1,0,0,74,76,82,60,84,59.97,45,123,3,-943
60.60671926,0,2,-2,-1,0,0,74,76,82,60,84,59.97,45,123,3,-943
60.66250634,2,1,-1,0,1,0,74,76,82,60,84,60.09,45,84,-17,-960
60.75684404,4,0,-1,0,1,0,74,76,82,60,84,60.15,45,104,-62,-1000
60.83251309,4,0,-1,0,0,0,74,76,83,60,84,60.12,45,85,-67,-1034
60.90275717,5,0,-1,0,0,0,74,76,81,60,84,60.12,45,63,-56,-1003
60.97562432,5,0,-1,0,0,0,74,76,81,60,84,60.12,45,63,-56,-1003
61.05273318,4,2,-1,0,0,0,74,76,82,60,84,60.09,45,113,-64,-1024
61.13135529,4,2,-1,0,0,0,74,76,82,60,84,60.13,45,105,-36,-951
61.23601103,5,3,-1,0,0,0,74,76,82,60,84,60.1,45,87,-41,-924
61.33370018,5,3,-1,0,0,0,74,76,78,60,84,60.02,45,44,-21,-931
61.42842531,5,1,-1,0,0,2,73,77,77,60,84,60.04,46,74,-31,-912
61.50668335,5,1,-1,0,0,2,73,77,77,60,84,60.04,46,74,-31,-912
61.5740602,5,1,-1,0,0,3,73,77,74,50,84,60.05,46,88,-43,-922
61.66034508,5,2,-1,0,0,4,73,77,70,50,84,59.89,46,60,-45,-915
61.74120927,4,2,-1,0,0,4,73,77,66,40,84,59.95,46,85,-60,-934
61.82372618,3,2,-1,0,0,4,73,77,61,40,84,59.83,46,68,-65,-965
61.86754513,3,2,-1,0,0,4,73,77,61,40,84,59.83,46,68,-65,-965
61.92705822,3,2,-1,0,0,4,73,77,57,40,84,59.93,46,50,-42,-949
62.00897121,3,2,-1,0,0,4,73,77,52,30,84,59.83,46,89,-65,-1009
62.08350229,3,2,-1,0,0,4,73,77,52,30,84,59.83,46,89,-65,-1009
62.18539906,2,1,-1,0,0,4,73,77,46,30,84,59.75,46,61,-44,-947
62.25699615,3,1,-1,0,0,4,73,77,41,20,84,59.71,46,47,-49,-976
62.36277628,3,2,-1,0,0,4,73,77,36,20,84,59.51,47,48,-43,-986
62.4206543,3,1,-1,0,0,4,74,76,31,10,84,59.57,47,90,-52,-1015
62.50979424,3,1,-1,0,0,4,74,76,31,10,84,59.57,47,90,-52,-1015
62.61364818,3,2,-1,0,0,4,74,76,21,0,84,59.39,47,84,-60,-1019
62.7173183,4,2,-1,0,0,4,74,76,17,0,84,59.38,47,57,-41,-1003
62.79063511,4,2,-1,0,0,4,74,76,17,0,84,59.38,47,57,-41,-1003
62.86517119,3,2,-1,0,0,4,74,76,12,0,84,59.12,47,64,-64,-968
62.95708013,3,2,-1,0,0,4,74,76,10,0,84,58.41,47,45,-78,-1069
63.05908322,3,2,-1,-1,0,3,74,76,10,-10,84,57.67,47,-26,-44,-1030
63.15500116,1,3,-1,-1,0,3,74,76,10,-10,84,55.96,47,-17,-13,-1090
63.22457337,2,2,-2,0,0,-1,74,76,10,-10,84,56.81,47,9,-41,-1053
63.28504443,2,2,-2,0,0,-1,74,76,10,-10,84,56.81,47,9,-41,-1053
63.35486317,4,4,-3,-1,0,0,74,76,10,-10,84,57.45,48,-5,4,-655
63.39528513,4,4,-3,-1,0,0,74,76,10,-10,84,57.45,48,-5,4,-655
63.45451117,1,2,-3,0,0,0,74,76,10,-10,84,56.87,48,6,-44,-892
63.5284543,0,1,-4,0,0,0,74,76,10,-10,84,57.11,48,64,-22,-1074
63.6259563,0,1,-4,0,0,0,74,76,10,-10,84,57.11,48,64,-22,-1074
63.69235206,0,1,-4,0,0,0,74,76,10,-10,84,57.35,48,-13,-12,-1311
63.75746107,0,1,-4,0,0,0,74,76,10,0,84,57.89,48,-40,-1,-998
63.82969522,0,1,-4,0,0,0,74,76,10,0,84,57.89,48,-40,-1,-998
63.92435312,0,1,-4,0,0,0,74,76,10,0,84,58.05,48,-13,-26,-1004
63.99719024,0,1,-4,0,-1,0,74,76,10,0,84,58.12,48,0,-29,-1005
64.06711125,0,1,-4,0,-1,0,74,76,10,0,84,58.38,48,-20,-27,-1002
64.17914438,0,1,-4,0,-1,0,74,76,10,0,84,58.81,48,1,-32,-998
64.25416231,0,1,-4,0,-1,0,74,76,10,0,84,59.07,48,-18,-22,-1002
64.33497024,0,1,-4,0,-1,0,74,76,10,0,84,59.07,48,-18,-22,-1002
64.40993524,0,1,-4,0,-1,0,74,76,10,0,84,59.13,48,-17,-23,-1000
64.47041512,0,1,-4,0,-1,0,73,75,10,0,84,59.2,48,-11,-18,-999
64.53178024,0,1,-4,0,-1,0,73,75,10,0,84,59.2,48,-11,-18,-999
64.60871911,0,1,-4,0,-1,0,73,75,10,0,84,59.28,48,-28,-13,-1001
64.70125222,0,1,-4,0,-1,0,73,75,10,0,84,59.28,48,-28,-13,-1001
64.78262138,0,1,-4,0,0,0,73,75,10,0,84,59.31,48,-11,-23,-1004
64.85402131,0,1,-4,0,0,0,73,75,10,0,84,59.33,48,-14,-25,-999
64.92880821,0,1,-4,0,0,0,73,75,10,0,84,59.32,48,-15,-21,-1003
65.00648808,0,1,-4,0,0,0,73,75,10,0,84,59.32,48,-15,-21,-1003
65.09434438,0,1,-4,0,0,0,73,75,10,0,84,59.33,48,-14,-21,-1002
65.16663814,0,1,-4,0,0,0,73,75,10,0,84,59.29,48,-15,-25,-1000
65.24438334,0,1,-4,0,0,0,73,75,10,0,84,59.31,48,-16,-24,-1002
65.3257072,0,1,-4,0,0,0,73,75,10,0,84,59.32,48,-15,-21,-1001
65.39499211,0,1,-4,0,0,0,73,75,10,0,84,59.32,48,-15,-21,-1001
65.44979525,0,1,-4,0,0,0,74,76,10,0,84,59.37,48,-15,-23,-999
65.52018929,0,1,-4,0,0,0,74,76,10,0,84,59.37,48,-15,-23,-999
65.57235217,0,1,-4,0,0,0,74,76,10,0,84,59.38,48,-15,-23,-999
65.63738537,0,1,-4,0,0,0,74,76,10,0,84,59.38,48,-15,-23,-999
65.6766243,0,1,-4,0,0,0,74,76,10,0,84,59.3,48,-15,-23,-1002
65.76611423,0,1,-4,0,0,0,74,76,10,0,84,59.26,48,-16,-23,-999
65.84040332,0,1,-4,0,0,0,74,76,10,0,84,59.32,48,-14,-25,-1004
65.93607521,0,1,-4,0,0,0,74,76,10,0,84,59.32,48,-14,-25,-1004
66.01327014,0,1,-4,0,0,0,74,76,10,0,84,59.31,48,-16,-23,-1003
66.08667803,0,1,-4,0,0,0,74,76,10,0,84,59.32,48,-15,-21,-1001
66.14768839,0,1,-4,0,0,0,74,76,10,0,84,59.32,48,-15,-24,-999
66.21692634,0,1,-4,0,0,0,74,76,10,0,84,59.32,48,-15,-24,-999
66.30370712,0,1,-4,0,0,0,74,76,10,0,84,59.31,48,-16,-22,-1003
66.3899262,0,1,-4,0,0,0,74,76,10,0,84,59.35,48,-15,-24,-1004
66.46195126,0,1,-4,0,0,0,73,75,10,0,84,59.39,48,-14,-22,-1001
66.54358029,0,1,-4,0,0,0,73,75,10,0,84,59.39,48,-14,-22,-1001
66.61248732,0,1,-5,0,0,0,73,75,10,0,84,59.36,48,-16,-22,-1002
66.67353439,0,1,-5,0,0,0,73,75,10,0,84,59.37,48,-16,-23,-1000
66.75236511,0,1,-5,0,0,0,73,75,10,0,84,59.35,48,-15,-24,-1002
66.8259263,0,1,-5,0,0,0,73,75,10,0,84,59.35,48,-15,-24,-1002
66.90922809,0,1,-5,0,0,0,73,75,10,0,84,59.38,48,-15,-22,-1002
66.97172022,0,1,-5,0,0,0,73,75,10,0,84,59.37,48,-15,-23,-1000
67.06564307,0,1,-5,0,0,0,73,75,10,0,84,59.38,48,-15,-22,-1001
67.15474939,0,1,-5,0,0,0,73,75,10,0,84,59.38,48,-15,-22,-1001
67.26441813,0,1,-5,0,0,0,73,75,10,0,84,59.38,48,-15,-23,-1002
67.33721542,0,1,-5,0,0,0,73,75,10,0,84,59.38,48,-13,-22,-1003
67.41273236,0,1,-5,0,0,0,73,75,10,0,84,59.38,48,-13,-22,-1003
67.45938611,0,1,-5,0,0,0,73,75,10,0,84,59.38,48,-13,-22,-1003
67.54923439,0,1,-5,0,0,0,74,75,10,0,84,59.35,48,-15,-23,-999
67.6447401,0,1,-5,0,0,0,74,75,10,0,84,59.4,48,-15,-23,-1001
67.72751737,0,1,-5,0,0,0,74,75,10,0,84,59.38,48,-15,-22,-1001
67.81734037,0,1,-5,0,0,0,74,75,10,0,84,59.38,48,-15,-22,-1001
67.89023328,0,1,-5,0,0,0,74,75,10,0,84,59.37,48,-16,-23,-1003
67.94619703,0,1,-5,0,0,0,74,75,10,0,84,59.37,48,-16,-23,-1003
68.0240562,0,1,-5,0,0,0,74,75,10,0,84,59.37,48,-17,-23,-1003
68.08369112,0,1,-5,0,0,0,74,75,10,0,84,59.35,48,-14,-22,-1000
68.17046118,0,1,-5,0,0,0,74,75,10,0,84,59.35,48,-15,-23,-1001
68.25158334,0,1,-5,0,0,0,74,75,10,0,84,59.35,48,-16,-23,-1002
68.32694817,0,1,-5,0,0,0,74,75,10,0,84,59.35,48,-16,-23,-1002
68.39458632,0,1,-5,0,0,0,74,75,10,0,84,59.38,48,-14,-22,-1002
68.4591291,0,1,-5,0,0,0,74,75,10,0,84,59.32,48,-14,-24,-1001
68.52274728,0,1,-5,0,0,0,74,75,10,0,84,59.32,48,-14,-24,-1001
68.59900641,0,1,-5,0,0,0,74,75,10,0,84,59.35,48,-16,-25,-1001
68.69331527,0,1,-6,0,0,0,74,75,10,0,84,59.34,48,-14,-24,-1004
68.78057528,0,1,-6,0,0,0,74,75,10,0,84,59.35,48,-17,-23,-1001
68.85871625,0,1,-6,0,0,0,74,75,10,0,84,59.37,48,-16,-22,-1000
68.94189334,0,1,-6,0,0,0,74,75,10,0,84,59.37,48,-16,-22,-1000
69.04446721,0,1,-6,0,0,0,74,75,10,0,84,59.33,48,-15,-22,-999
69.14833307,0,1,-6,0,0,0,74,75,10,0,84,59.33,48,-16,-22,-1002
69.22677135,0,1,-6,0,0,0,74,75,10,0,84,59.33,48,-15,-25,-1001
69.3168962,0,1,-6,0,0,0,74,75,10,0,84,59.36,48,-15,-22,-998
69.39206123,0,1,-6,0,0,0,74,75,10,0,84,59.32,48,-16,-24,-1000
69.45904016,0,1,-6,0,0,0,74,75,10,0,84,59.32,48,-16,-24,-1000
69.53780913,0,1,-6,0,0,0,74,76,10,0,84,59.37,48,-15,-22,-1002
69.60970521,0,1,-6,0,0,0,74,76,10,0,84,59.34,48,-14,-22,-1000
69.69063616,0,0,-6,0,0,0,74,76,10,0,84,59.31,48,-17,-14,-997
69.76804829,0,0,-6,0,0,0,74,76,10,0,84,59.32,48,-7,0,-1000
69.86538124,0,0,-6,0,0,0,74,76,10,0,84,59.32,48,-7,0,-1000
69.92854238,0,0,-6,0,0,0,74,76,10,0,84,59.37,48,-16,-9,-994
70.01842713,0,1,-6,0,0,0,74,76,10,0,84,59.35,48,-12,-20,-993
70.07812834,0,1,-6,0,0,0,74,76,10,0,84,59.35,48,-12,-20,-993
70.15247226,0,1,-6,0,0,0,74,76,10,0,84,59.31,48,-14,-23,-1003
70.21782398,0,1,-6,0,0,0,74,76,10,0,84,59.3,48,-14,-22,-1001
70.28293729,0,1,-6,0,0,0,74,76,10,0,84,59.3,48,-14,-22,-1001
70.33704519,0,1,-6,0,0,0,74,76,10,0,84,59.3,48,-14,-22,-1001
70.40760708,0,1,-6,0,0,0,74,76,10,0,84,59.3,48,-14,-22,-1001
70.46129322,0,1,-6,0,0,0,74,76,10,0,84,59.3,48,-14,-22,-1001
70.51283717,0,1,-6,0,0,0,74,76,10,0,84,59.3,48,-14,-22,-1001
70.57547808,0,1,-6,0,0,0,74,76,10,0,84,59.3,48,-14,-22,-1001
70.61764312,0,1,-6,0,0,0,74,76,10,0,84,59.3,48,-14,-22,-1001
70.67663932,0,1,-6,0,0,0,74,76,10,0,84,59.3,48,-14,-22,-1001
70.72979212,0,1,-6,0,0,0,74,76,10,0,84,59.3,48,-14,-22,-1001
70.79046822,0,1,-6,0,0,0,74,76,10,0,84,59.3,48,-14,-22,-1001
70.84422231,0,1,-6,0,0,0,74,76,10,0,84,59.3,48,-14,-22,-1001
70.9061532,0,1,-6,0,0,0,74,76,10,0,84,59.3,48,-14,-22,-1001
70.96101928,0,1,-6,0,0,0,74,76,10,0,84,59.3,48,-14,-22,-1001
71.00370526,0,1,-6,0,0,0,74,76,10,0,84,59.3,48,-14,-22,-1001
71.05501223,0,1,-6,0,0,0,74,76,10,0,84,59.3,48,-14,-22,-1001
71.10809541,0,1,-6,0,0,0,74,76,10,0,84,59.3,48,-14,-22,-1001
71.16163516,0,1,-6,0,0,0,74,76,10,0,84,59.3,48,-14,-22,-1001
71.22170925,0,1,-6,0,0,0,74,76,10,0,84,59.3,48,-14,-22,-1001
71.27860522,0,1,-6,0,0,0,74,76,10,0,84,59.3,48,-14,-22,-1001
71.33214021,0,1,-6,0,0,0,74,76,10,0,84,59.3,48,-14,-22,-1001
71.39407325,0,1,-6,0,0,0,74,76,10,0,84,59.3,48,-14,-22,-1001
71.44728613,0,1,-6,0,0,0,74,76,10,0,84,59.3,48,-14,-22,-1001
71.50004721,0,1,-6,0,0,0,74,76,10,0,84,59.3,48,-14,-22,-1001
71.54928112,0,1,-6,0,0,0,74,76,10,0,84,59.3,48,-14,-22,-1001
71.60368824,0,1,-6,0,0,0,74,76,10,0,84,59.3,48,-14,-22,-1001
71.66814899,0,1,-6,0,0,0,74,76,10,0,84,59.3,48,-14,-22,-1001
71.71941304,0,1,-6,0,0,0,74,76,10,0,84,59.3,48,-14,-22,-1001
71.75483632,0,1,-6,0,0,0,74,76,10,0,84,59.3,48,-14,-22,-1001
71.81320238,0,1,-6,0,0,0,74,76,10,0,84,59.3,48,-14,-22,-1001
71.87213516,0,1,-6,0,0,0,74,76,10,0,84,59.3,48,-14,-22,-1001
71.92786407,0,1,-6,0,0,0,74,76,10,0,84,59.3,48,-14,-22,-1001
71.9934411,0,1,-6,0,0,0,74,76,10,0,84,59.3,48,-14,-22,-1001
72.04787207,0,1,-6,0,0,0,74,76,10,0,84,59.3,48,-14,-22,-1001
72.10179615,0,1,-6,0,0,0,74,76,10,0,84,59.3,48,-14,-22,-1001
72.15541506,0,1,-6,0,0,0,74,76,10,0,84,59.3,48,-14,-22,-1001
72.20920706,0,1,-6,0,0,0,74,76,10,0,84,59.3,48,-14,-22,-1001
72.34423137,0,1,-6,0,0,0,74,76,10,0,84,59.3,48,-14,-22,-1001
72.40366912,0,1,-6,0,0,0,74,76,10,0,84,59.3,48,-14,-22,-1001
72.44578934,0,1,-6,0,0,0,74,76,10,0,84,59.3,48,-14,-22,-1001
72.4935472,0,1,-6,0,0,0,74,76,10,0,84,59.3,48,-14,-22,-1001
72.54654002,0,1,-6,0,0,0,74,76,10,0,84,59.3,48,-14,-22,-1001
72.5990541,0,1,-6,0,0,0,74,76,10,0,84,59.3,48,-14,-22,-1001
72.65279222,0,1,-6,0,0,0,74,76,10,0,84,59.3,48,-14,-22,-1001
72.70763707,0,1,-6,0,0,0,74,76,10,0,84,59.3,48,-14,-22,-1001
72.7592082,0,1,-6,0,0,0,74,76,10,0,84,59.3,48,-14,-22,-1001
72.81150913,0,1,-6,0,0,0,74,76,10,0,84,59.3,48,-14,-22,-1001
72.86555123,0,1,-6,0,0,0,74,76,10,0,84,59.3,48,-14,-22,-1001
72.91744614,0,1,-6,0,0,0,74,76,10,0,84,59.3,48,-14,-22,-1001
72.96887708,0,1,-6,0,0,0,74,76,10,0,84,59.3,48,-14,-22,-1001
73.02753925,0,1,-6,0,0,0,74,76,10,0,84,59.3,48,-14,-22,-1001
73.08631229,0,1,-6,0,0,0,74,76,10,0,84,59.3,48,-14,-22,-1001
73.14613628,0,1,-6,0,0,0,74,76,10,0,84,59.3,48,-14,-22,-1001
73.19865823,0,1,-6,0,0,0,74,76,10,0,84,59.3,48,-14,-22,-1001
73.25596213,0,1,-6,0,0,0,74,76,10,0,84,59.3,48,-14,-22,-1001
73.30332327,0,1,-6,0,0,0,74,76,10,0,84,59.3,48,-14,-22,-1001
73.36790824,0,1,-6,0,0,0,74,76,10,0,84,59.3,48,-14,-22,-1001
73.42590213,0,1,-6,0,0,0,74,76,10,0,84,59.3,48,-14,-22,-1001
73.47750831,0,1,-6,0,0,0,74,76,10,0,84,59.3,48,-14,-22,-1001
73.5458262,0,1,-6,0,0,0,74,76,10,0,84,59.3,48,-14,-22,-1001
73.59810734,0,1,-6,0,0,0,74,76,10,0,84,59.3,48,-14,-22,-1001
73.65133619,0,1,-6,0,0,0,74,76,10,0,84,59.3,48,-14,-22,-1001
73.71169519,0,1,-6,0,0,0,74,76,10,0,84,59.3,48,-14,-22,-1001
73.76426315,0,1,-6,0,0,0,74,76,10,0,84,59.3,48,-14,-22,-1001
73.80373716,0,1,-6,0,0,0,74,76,10,0,84,59.3,48,-14,-22,-1001
73.8576622,0,1,-6,0,0,0,74,76,10,0,84,59.3,48,-14,-22,-1001
73.9052701,0,1,-6,0,0,0,74,76,10,0,84,59.3,48,-14,-22,-1001
73.94130516,0,1,-6,0,0,0,74,76,10,0,84,59.3,48,-14,-22,-1001
73.99686408,0,1,-6,0,0,0,74,76,10,0,84,59.3,48,-14,-22,-1001
74.03220201,0,1,-6,0,0,0,74,76,10,0,84,59.3,48,-14,-22,-1001
74.08589721,0,1,-6,0,0,0,74,76,10,0,84,59.3,48,-14,-22,-1001
74.13984203,0,1,-6,0,0,0,74,76,10,0,84,59.3,48,-14,-22,-1001
74.19537044,0,1,-6,0,0,0,74,76,10,0,84,59.3,48,-14,-22,-1001
74.24903727,0,1,-6,0,0,0,74,76,10,0,84,59.3,48,-14,-22,-1001
74.30265427,0,1,-6,0,0,0,74,76,10,0,84,59.3,48,-14,-22,-1001
74.35704708,0,1,-6,0,0,0,74,76,10,0,84,59.3,48,-14,-22,-1001
74.41602826,0,1,-6,0,0,0,74,76,10,0,84,59.3,48,-14,-22,-1001
74.47124505,0,1,-6,0,0,0,74,76,10,0,84,59.3,48,-14,-22,-1001
74.52393126,0,1,-6,0,0,0,74,76,10,0,84,59.3,48,-14,-22,-1001
74.57791114,0,1,-6,0,0,0,74,76,10,0,84,59.3,48,-14,-22,-1001
74.60000825,0,1,-6,0,0,0,74,76,10,0,84,59.3,48,-14,-22,-1001
74.61100125,0,1,-6,0,0,0,74,76,10,0,84,59.3,48,-14,-22,-1001
74.62293315,0,1,-6,0,0,0,74,76,10,0,84,59.3,48,-14,-22,-1001
74.63536525,0,1,-6,0,0,0,74,76,10,0,84,59.3,48,-14,-22,-1001
74.6471982,0,1,-6,0,0,0,74,76,10,0,84,59.3,48,-14,-22,-1001
74.65880704,0,1,-6,0,0,0,74,76,10,0,84,59.3,48,-14,-22,-1001
74.67162323,0,1,-6,0,0,0,74,76,10,0,84,59.3,48,-14,-22,-1001
74.68349123,0,1,-6,0,0,0,74,76,10,0,84,59.3,48,-14,-22,-1001
74.69536829,0,1,-6,0,0,0,74,76,10,0,84,59.3,48,-14,-22,-1001
74.70719624,0,1,-6,0,0,0,74,76,10,0,84,59.3,48,-14,-22,-1001
74.71826935,0,1,-6,0,0,0,74,76,10,0,84,59.3,48,-14,-22,-1001
74.72914815,0,1,-6,0,0,0,74,76,10,0,84,59.3,48,-14,-22,-1001
74.74086022,0,1,-6,0,0,0,74,76,10,0,84,59.3,48,-14,-22,-1001
74.75154614,0,1,-6,0,0,0,74,76,10,0,84,59.3,48,-14,-22,-1001
74.76269317,0,1,-6,0,0,0,74,76,10,0,84,59.3,48,-14,-22,-1001
74.77558327,0,1,-6,0,0,0,74,76,10,0,84,59.3,48,-14,-22,-1001
74.79626536,0,1,-6,0,0,0,74,76,10,0,84,59.3,48,-14,-22,-1001