34.06835389,0,0,0,0,0,2,74,76,6553,0,85,-80.96,0,12,-14,-1011
34.13600683,0,0,0,0,0,2,74,76,6553,0,85,-80.96,0,12,-14,-1011
34.20031786,0,0,0,0,0,2,74,76,6553,0,85,-80.94,0,0,-7,-1000
34.2530098,0,0,0,0,0,2,74,76,6553,0,85,-80.94,0,0,-7,-1000
34.34430981,0,0,0,0,0,2,74,76,6553,0,85,-80.95,0,0,-6,-1001
34.43270779,0,0,0,0,0,2,74,76,6553,0,85,-80.95,0,0,-7,-999
34.50716996,0,0,0,0,0,2,74,76,6553,0,85,-80.9,0,0,-8,-1002
34.61092973,0,0,0,0,0,2,73,76,6553,0,85,-80.94,0,-2,-7,-1000
34.70246077,0,0,0,0,0,2,73,76,6553,0,85,-80.96,0,0,-7,-1000
34.79259181,0,0,0,0,0,2,73,76,6553,0,85,-80.98,0,-1,-8,-1000
34.87185979,0,0,0,0,0,2,73,76,6553,0,85,-80.98,0,-1,-8,-1000
34.94256091,0,0,0,0,0,2,73,76,6553,0,85,-80.94,0,1,-7,-1001
35.00077677,0,0,0,0,0,1,73,76,6553,0,85,-80.92,0,-6,-2,-1005
35.06634688,0,0,0,0,0,1,73,76,6553,0,85,-80.92,0,-6,-2,-1005
35.14767098,0,0,0,0,0,0,73,76,6553,0,85,-80.93,0,-2,-6,-1006
35.21395469,0,0,0,0,0,0,73,76,6553,0,85,-80.93,0,-10,-2,-1003
35.30286264,0,0,0,0,0,0,73,76,6553,0,85,-80.96,0,7,-14,-998
35.37911773,0,0,0,0,0,0,73,76,6553,0,85,-80.96,0,7,-14,-998
35.47522187,0,0,0,0,0,0,73,76,6553,0,85,-80.96,0,4,-3,-999
35.52305484,0,0,0,0,0,0,73,76,6553,0,85,-80.97,0,6,-33,-1000
35.58575678,0,0,0,0,0,0,73,76,6553,0,85,-80.97,0,6,-33,-1000
35.69067693,0,0,0,0,0,0,74,77,6553,0,85,-80.92,0,3,-26,-1000
35.76580381,0,0,0,0,0,0,74,77,6553,0,85,-80.96,0,4,-7,-1002
35.83777475,0,0,0,0,0,0,74,77,6553,0,85,-80.91,0,0,-6,-1001
35.90489864,0,0,0,0,0,0,74,77,6553,0,85,-80.93,0,0,-8,-1001
36.03098178,0,0,0,0,0,0,74,77,6553,0,85,-81,0,-3,-3,-1003
36.10292292,0,0,0,0,0,0,74,77,6553,0,85,-80.99,0,0,-7,-1002
36.19846988,0,0,0,0,0,0,74,77,6553,0,85,-80.92,0,7,-14,-1003
36.27438164,0,0,0,0,0,0,74,77,6553,0,85,-80.96,0,1,-7,-1003
36.36057067,0,0,0,0,0,0,74,77,6553,0,85,-80.96,0,1,-7,-1003
36.43373799,0,0,0,0,0,0,74,77,6553,0,85,-80.96,0,0,-8,-1002
36.49640584,0,0,0,0,0,0,74,77,6553,0,85,-80.96,0,0,-8,-1001
36.58910489,0,0,0,0,0,0,74,77,6553,0,85,-80.96,0,0,-7,-1004
36.66736197,0,0,0,0,0,0,74,77,6553,0,85,-80.96,0,0,-7,-1004
36.70883584,0,0,0,0,0,0,74,77,6553,0,85,-81,0,0,-7,-1000
36.81329465,0,0,0,0,0,0,74,77,6553,0,85,-80.97,0,-2,-8,-1005
36.90928197,0,0,0,0,0,0,74,77,6553,0,85,-80.97,0,0,-6,-1002
37.00268269,0,0,0,0,0,0,74,77,6553,0,85,-81.06,0,0,-7,-1004
37.07606387,0,0,0,0,0,0,74,77,6553,0,85,-81.07,0,0,-5,-1005
37.18007874,0,0,0,0,0,0,74,77,6553,0,85,-81.05,0,0,-5,-1005
37.25606084,0,0,0,0,0,0,74,77,6553,0,85,-81.05,0,0,-5,-1005
37.30418301,0,0,0,0,0,0,74,77,6553,0,85,-81.01,0,0,-5,-1001
37.37397194,0,0,0,0,0,0,74,77,6553,0,85,-81.01,0,0,-5,-1001
37.47938466,0,0,0,0,0,0,74,77,6553,0,85,-81.08,0,0,-7,-1006
37.54578185,0,0,0,0,0,0,74,77,6553,0,85,-81.08,0,0,-7,-1006
37.60418677,0,0,0,0,0,0,74,76,6553,0,85,-81.1,0,0,-7,-1001
37.67368698,0,0,0,0,0,0,74,76,6553,0,85,-81.1,0,0,-7,-1001
37.75005078,0,0,0,0,0,0,74,76,6553,0,85,-81.09,0,0,-7,-1001
37.81960702,0,0,0,0,0,0,74,76,6553,0,85,-81.12,0,0,-6,-1002
37.88599777,0,0,0,0,0,0,74,76,6553,0,85,-81.12,0,0,-6,-1002
37.95476985,0,0,0,0,0,0,74,76,6553,0,85,-81.06,0,-1,-7,-1003
37.99809098,0,0,0,0,0,0,74,76,6553,0,85,-81.07,0,1,-6,-1002
38.08017778,0,0,0,0,0,0,74,76,6553,0,85,-81.07,0,1,-6,-1002
38.1373198,0,0,0,0,0,0,74,76,6553,0,85,-81.05,0,0,-6,-1004
38.17672276,0,0,0,0,0,0,74,76,6553,0,85,-81.05,0,0,-6,-1004
38.2401278,0,0,0,0,0,0,74,76,6553,0,85,-81.06,0,0,-7,-1003
38.31186771,0,0,0,0,0,0,74,76,6553,0,85,-81.06,0,3,-4,-1000
38.39673972,0,0,0,0,0,0,74,76,6553,0,85,-81.06,0,1,-14,-1003
38.46341562,0,0,0,0,0,0,74,76,6553,0,85,-81.06,0,1,-14,-1003
38.53586674,0,0,0,0,0,0,74,76,6553,0,85,-81.06,0,-6,-3,-1035
38.60754085,0,0,0,0,0,0,75,77,6553,0,85,-81.06,0,-2,8,-1016
38.65140676,0,0,0,0,0,0,75,77,6553,0,85,-81.06,0,-2,8,-1016
38.69839168,0,0,0,0,0,0,75,77,6553,0,85,-81.06,0,-2,8,-1016
38.78744292,0,0,0,0,0,0,75,77,10,0,85,-81.06,0,36,-24,-1151
38.88619494,0,0,0,0,0,-1,75,77,10,0,85,-81.06,0,-28,-8,-1370
38.98076391,0,0,0,0,0,-4,75,77,10,0,85,-81.06,0,-27,-16,-1285
39.02703691,0,0,0,0,0,-7,75,77,14,0,85,-80.74,0,0,-16,-1097
39.11701298,0,0,0,0,0,-7,75,77,14,0,85,-80.74,0,0,-16,-1097
39.19179797,0,0,0,0,0,-8,75,77,23,10,85,-80.61,0,-28,0,-1032
39.25820589,0,0,0,0,0,-8,75,77,32,20,85,-80.51,0,0,5,-946
39.33693075,0,0,0,0,0,-8,75,77,40,30,85,-80.5,1,-41,11,-925
39.41008878,0,0,0,0,0,-7,75,77,47,30,85,-80.39,1,-36,11,-906
39.47992492,0,0,0,0,0,-6,75,77,54,40,85,-80.34,1,-23,7,-880
39.58275199,0,0,0,0,0,-6,75,77,54,40,85,-80.34,1,-23,7,-880
39.64397788,0,0,0,0,0,-5,75,77,60,40,85,-80.26,1,-21,18,-889
39.71424198,0,0,0,0,0,-5,75,77,60,40,85,-80.26,1,-21,18,-889
39.77400494,0,0,0,0,0,-2,75,77,63,50,85,-80.23,1,-47,27,-887
39.8433516,-1,0,0,0,0,-2,75,77,68,50,85,-80.24,1,-17,-23,-907
39.93577981,-1,0,0,0,0,-1,75,77,70,60,85,-80.24,1,-36,10,-950
40.01228786,-1,0,0,0,0,-1,75,77,71,60,85,-80.12,1,-30,10,-962
40.09062076,-1,0,0,0,0,0,75,77,71,60,85,-80.16,1,-8,1,-950
40.17709279,-1,0,0,0,0,0,75,77,71,60,85,-80.16,1,-8,1,-950
40.27276063,-1,0,0,0,0,0,75,77,73,60,85,-80.12,2,12,0,-981
40.34689975,0,0,0,0,0,0,75,77,72,60,85,-80.1,2,17,-26,-978
40.44084978,0,0,0,0,0,0,75,77,73,60,85,-80.02,2,-12,12,-1015
40.5127449,0,0,0,0,0,0,75,77,74,60,85,-80.12,2,-32,24,-1026
40.6080277,0,0,0,0,0,0,75,76,75,60,84,-80.06,2,-2,-5,-993
40.68067789,0,0,0,0,0,0,75,76,75,60,84,-80.06,2,-2,-5,-993
40.75552678,0,0,0,0,0,0,75,76,75,60,84,-80.04,2,5,5,-1021
40.85506201,0,0,0,0,0,0,75,76,75,60,84,-80.08,2,14,0,-1008
40.95116782,0,0,0,0,0,0,75,76,76,60,84,-80,2,-5,-2,-1012
41.01746678,0,0,0,0,0,0,75,76,77,60,84,-80.03,2,-11,3,-1001
41.10744691,0,0,0,0,0,0,75,76,77,60,84,-80.03,2,2,4,-1000
41.18413901,0,0,0,0,0,0,75,76,77,60,84,-80.03,2,2,4,-1000
41.26942897,0,0,0,0,0,0,75,76,76,60,84,-80.08,3,0,10,-1011
41.3515079,0,0,0,0,0,0,75,76,77,60,84,-79.94,3,15,-15,-970
41.47236776,0,0,0,0,0,0,75,76,79,70,84,-80.04,3,9,2,-1006
41.54555583,0,0,0,0,0,0,75,76,78,70,84,-80.09,3,-2,0,-1006
41.62948084,0,0,0,0,0,0,75,77,77,70,84,-79.97,3,-9,3,-1004
41.70516682,0,0,0,0,0,0,75,77,77,70,84,-79.97,3,-9,3,-1004
41.77345991,0,0,0,0,0,0,75,77,78,70,84,-80.05,3,-23,18,-984
41.87048388,0,0,0,0,0,0,75,77,77,60,84,-80.05,3,-7,15,-1013
41.93682575,0,0,0,0,0,0,75,77,79,60,84,-80.03,3,0,4,-985
42.0613029,0,0,0,0,0,0,75,77,78,60,84,-80.04,3,-39,9,-1036
42.12706304,0,0,0,0,0,0,75,77,78,60,84,-80.02,3,-5,-2,-1003
42.19188571,0,0,0,0,0,0,75,77,78,60,84,-80.02,3,-5,-2,-1003
42.28077388,0,0,0,0,0,0,75,77,78,60,84,-80.06,4,-16,4,-1027
42.33876562,0,0,0,0,0,0,75,77,77,60,84,-80.02,4,14,-25,-994
42.41987681,0,0,0,0,0,0,75,77,77,60,84,-80.02,4,14,-25,-994
42.50358295,0,0,0,0,0,0,75,77,78,60,84,-80.04,4,10,-20,-996
42.57240582,0,0,0,0,0,0,75,77,76,60,84,-80.05,4,-12,-10,-1004
42.64569497,0,0,0,0,0,0,74,77,76,60,84,-80.02,4,-18,5,-1008
42.69429088,0,0,0,0,0,0,74,77,76,60,84,-80.02,4,-18,5,-1008
42.74227476,0,0,0,0,0,0,74,77,76,60,84,-79.95,4,-27,8,-1032
42.79288483,0,0,0,0,0,0,74,77,76,60,84,-79.95,4,-27,8,-1032
42.85732388,0,0,0,0,0,0,74,77,77,60,84,-79.9,4,-15,-10,-999
42.90057969,0,0,0,0,0,0,74,77,77,60,84,-79.9,4,-15,-10,-999
42.96725488,0,0,0,0,0,0,74,77,77,60,84,-79.89,4,-24,14,-1017
43.00565386,0,0,0,0,0,0,74,77,77,60,84,-79.89,4,-24,14,-1017
43.07294893,0,0,0,0,0,0,74,77,78,60,84,-79.82,4,10,-13,-989
43.13673973,0,0,0,0,0,0,74,77,78,60,84,-79.82,4,10,-13,-989
43.19112682,0,0,0,0,0,0,74,77,76,60,84,-79.76,4,6,-13,-996
43.26563668,0,0,0,0,0,0,74,77,79,60,84,-79.8,5,-3,-14,-1011
43.34758091,0,0,0,0,0,0,74,77,77,60,84,-79.89,5,-9,-9,-1004
43.44284582,0,0,0,0,0,0,74,77,79,60,84,-79.97,5,4,-8,-992
43.49275899,0,0,0,0,0,0,74,77,79,60,84,-79.97,5,4,-8,-992
43.57373881,0,0,0,0,0,0,74,77,78,60,84,-79.92,5,34,-22,-987
43.64440703,0,0,0,0,0,0,74,77,78,60,84,-79.92,5,34,-22,-987
43.72198176,0,0,0,0,0,0,75,77,79,60,84,-80.02,5,-9,-13,-1017
43.7923646,0,0,0,0,0,0,75,77,79,70,84,-79.93,5,-21,6,-1008
43.85468173,0,0,0,0,0,0,75,77,79,70,84,-79.97,5,10,-12,-989
43.90453982,0,0,0,0,0,0,75,77,79,70,84,-79.97,5,10,-12,-989
43.99839997,0,0,0,0,0,0,75,77,80,70,84,-79.94,5,0,5,-982
44.06110382,0,0,0,0,0,0,75,77,80,70,84,-79.91,5,-47,17,-997
44.13357472,-1,0,0,0,0,0,75,77,78,70,84,-79.96,5,-31,8,-1000
44.19142985,-1,0,0,0,0,0,75,77,78,70,84,-79.96,5,-31,8,-1000
44.24796486,0,0,0,0,0,0,75,77,80,70,84,-79.96,6,-2,4,-997
44.31989288,0,0,0,0,0,0,75,77,80,70,84,-79.96,6,-2,4,-997
44.39201188,0,0,0,0,0,0,75,77,80,70,84,-79.95,6,-21,19,-994
44.43995976,0,0,0,0,0,0,75,77,79,70,84,-80.03,6,-31,13,-991
44.49317765,0,0,0,0,0,0,75,77,79,70,84,-80.03,6,-31,13,-991
44.54226303,0,0,0,0,0,0,75,77,79,70,84,-79.93,6,-6,12,-1005
44.59218192,0,0,0,0,0,0,75,77,79,70,84,-79.93,6,-6,12,-1005
44.64282894,0,0,0,0,0,0,75,77,80,70,84,-80,6,0,8,-1016
44.69309473,0,0,0,0,0,0,75,77,80,70,84,-80,6,0,8,-1016
44.74937868,0,0,0,0,0,0,75,77,80,70,84,-79.97,6,-15,0,-1005
44.78098893,0,0,0,0,0,0,75,77,80,70,84,-79.97,6,-15,0,-1005
44.84221888,0,0,0,0,0,0,75,77,78,70,84,-79.95,6,-5,-6,-991
44.89323378,0,0,0,0,0,0,75,77,78,70,84,-79.95,6,-5,-6,-991
44.93997574,0,0,0,0,0,0,75,77,80,70,84,-80.01,6,-27,-2,-1008
44.97150183,0,0,0,0,0,0,75,77,80,70,84,-80.01,6,-27,-2,-1008
45.04242182,0,0,0,0,0,0,75,77,80,70,84,-80.01,6,-27,-2,-1008
45.12169385,0,0,0,0,0,0,75,77,78,70,84,-79.97,6,-19,-15,-1008
45.19185185,0,1,0,0,0,0,75,77,78,70,84,-80.01,6,-17,1,-1013
45.24102497,0,1,0,0,0,0,75,77,79,70,84,-79.98,7,-19,-4,-1013
45.29247689,0,1,0,0,0,0,75,77,79,70,84,-79.98,7,-19,-4,-1013
45.34169579,0,0,0,0,0,0,75,77,79,70,84,-79.96,7,-8,8,-1004
45.41349983,0,0,0,0,0,0,75,77,79,70,84,-79.96,7,-8,8,-1004
45.48432589,0,0,0,0,0,0,75,77,80,70,84,-80.05,7,-35,2,-1011
45.5326767,0,0,0,0,0,0,75,77,80,70,84,-80.05,7,-35,2,-1011
45.59206605,0,0,0,0,0,0,75,77,81,70,84,-79.98,7,-24,6,-993
45.64334178,0,0,0,0,0,0,75,77,81,70,84,-79.98,7,3,-7,-995
45.71071577,0,0,0,0,0,0,75,77,81,70,84,-79.98,7,3,-7,-995
45.79008269,0,0,0,0,0,0,75,77,82,70,84,-79.96,7,-32,1,-1001
45.85587406,0,0,0,0,0,0,75,77,80,70,84,-79.94,7,3,-14,-994
45.89283681,0,0,0,0,0,0,75,77,80,70,84,-79.94,7,3,-14,-994
45.96668577,0,0,0,0,0,0,75,77,82,70,84,-79.92,7,-26,-6,-997
45.99234366,0,0,0,0,0,0,75,77,82,70,84,-79.92,7,-26,-6,-997
46.06356978,0,0,0,0,0,0,75,77,81,70,84,-79.92,7,8,-4,-1000
46.11032581,0,0,0,0,0,0,75,77,81,70,84,-79.92,7,8,-4,-1000
46.14225483,0,0,0,0,0,0,75,77,81,70,84,-79.92,7,8,-4,-1000
46.20396185,0,0,0,0,0,0,75,77,83,70,84,-79.96,7,-5,-31,-1009
46.25556684,0,0,0,0,0,0,75,77,82,70,84,-79.99,8,-15,8,-998
46.30586481,0,0,0,0,0,0,75,77,82,70,84,-79.99,8,-15,8,-998
46.406389,0,0,0,0,0,0,75,77,83,70,84,-79.94,8,-25,-16,-1000
46.47550893,0,0,0,0,0,0,75,77,82,70,84,-79.94,8,-17,15,-982
46.54218292,0,0,0,0,0,0,75,77,82,70,84,-79.94,8,-17,15,-982
46.60474801,0,0,0,0,0,0,75,77,82,70,84,-79.97,8,24,-21,-992
46.69220972,0,0,0,0,0,0,74,76,83,70,84,-79.96,8,-11,-16,-976
46.77270079,0,0,0,0,0,0,74,76,83,70,84,-79.96,8,-11,-16,-976
46.84340501,0,0,0,0,0,0,74,76,83,70,84,-79.94,8,-18,27,-1005
46.89222074,0,0,0,0,0,0,74,76,82,70,84,-79.95,8,13,-21,-1011
46.94301367,0,0,0,0,0,0,74,76,82,70,84,-79.95,8,13,-21,-1011
46.99254775,0,0,0,0,0,0,74,76,83,70,84,-79.96,8,-15,-11,-999
47.03625798,0,0,0,0,0,0,74,76,83,70,84,-79.96,8,-15,-11,-999
47.09168363,0,0,0,0,0,0,74,76,83,70,84,-79.99,8,-20,-6,-983
47.14698577,0,0,0,0,0,0,74,76,83,70,84,-79.93,8,3,-9,-1004
47.19718075,0,0,0,0,0,0,74,76,83,70,84,-79.93,8,3,-9,-1004
47.27666879,0,0,0,0,0,0,74,76,83,70,84,-79.98,9,-13,-16,-990
47.34133291,0,0,0,0,0,0,74,76,82,70,84,-80.02,9,-8,3,-991
47.39211082,0,0,0,0,0,0,74,76,82,70,84,-80.02,9,-8,3,-991
47.44796991,0,0,0,0,0,0,74,76,82,70,84,-80,9,-3,-24,-996
47.50597191,0,0,0,0,0,0,74,76,82,70,84,-80,9,-3,-24,-996
47.59256768,0,0,0,0,0,0,74,76,82,70,84,-80,9,9,-13,-1004
47.64275479,0,0,0,0,0,0,74,77,82,70,84,-80.01,9,-25,-1,-1019
47.70561361,0,0,0,0,0,0,74,77,82,70,84,-80.01,9,-25,-1,-1019
47.74938583,0,0,0,0,0,0,74,77,81,70,84,-80,9,-22,0,-1008
47.79260993,0,0,0,0,0,0,74,77,81,70,84,-80,9,-22,0,-1008
47.84902072,0,0,0,0,0,0,74,77,82,70,84,-80.05,9,1,4,-993
47.90687084,0,0,0,0,0,0,74,77,82,70,84,-80.05,9,1,4,-993
47.94295883,0,0,0,0,0,0,74,77,82,70,84,-80.04,9,6,-17,-1010
47.9925828,0,0,0,0,0,0,74,77,82,70,84,-80.04,9,6,-17,-1010
48.07282686,0,0,0,0,0,0,74,77,82,70,84,-79.96,9,20,-19,-1001
48.14192986,0,0,0,0,0,0,74,77,82,70,84,-79.96,9,20,-19,-1001
48.19640875,0,0,0,0,0,0,74,77,81,70,84,-79.99,9,14,-32,-1004
48.280375,0,0,0,0,0,0,74,77,80,70,84,-79.96,10,-12,-7,-991
48.34221077,0,0,0,0,0,0,74,77,80,70,84,-79.96,10,-12,-7,-991
48.39135385,0,0,0,0,0,0,74,77,83,70,84,-79.98,10,-33,-6,-1021
48.44873786,0,0,0,0,0,0,74,77,81,70,84,-80.02,10,-32,21,-993
48.51003385,0,0,0,0,0,0,74,77,81,70,84,-80.02,10,-32,21,-993
48.58408594,0,0,0,0,0,0,74,77,82,70,84,-79.94,10,-17,8,-1018
48.64896894,0,0,0,0,0,0,74,77,82,70,84,-79.94,10,-17,8,-1018
48.7120409,0,0,0,0,0,0,74,76,83,70,84,-79.92,10,-9,-22,-974
48.79214096,0,0,0,0,0,0,74,76,83,70,84,-79.94,10,3,-30,-977
48.85516071,0,0,0,0,0,0,74,76,83,70,84,-79.94,10,3,-30,-977
48.89210176,0,0,0,0,0,0,74,76,82,70,84,-80,10,-13,11,-1012
48.94344187,0,0,0,0,0,0,74,76,82,70,84,-80,10,-13,11,-1012
49.00631762,0,0,0,0,0,0,74,76,82,70,84,-79.97,10,14,-19,-997
49.08839083,0,0,0,0,0,0,74,76,83,70,84,-79.99,10,-15,8,-995
49.16436672,0,0,0,0,0,0,74,76,83,70,84,-79.98,10,-3,-4,-992
49.23235464,0,0,0,0,0,0,74,76,83,70,84,-79.98,10,-3,-4,-992
49.29195786,0,0,0,0,0,0,74,76,83,70,84,-79.96,11,11,-24,-988
49.35237765,0,0,0,0,0,0,74,76,83,70,84,-79.96,11,11,-24,-988
49.40293193,0,0,0,0,0,0,74,76,81,70,84,-80.01,11,-26,30,-1004
49.44833183,0,0,0,0,0,0,74,76,81,70,84,-80.01,11,-26,30,-1004
49.49260283,0,0,0,0,0,0,74,76,82,70,84,-79.95,11,-14,7,-984
49.54913378,0,0,0,0,0,0,74,76,82,70,84,-79.95,11,-14,7,-984
49.59249258,0,0,0,0,0,0,74,76,81,70,84,-79.99,11,-20,0,-1018
49.67240882,0,0,0,0,0,0,74,76,81,70,84,-79.99,11,-20,0,-1018
49.73922181,0,0,0,0,0,0,75,76,80,70,84,-79.98,11,-38,8,-1014
49.79216671,0,0,0,0,0,0,75,76,80,70,84,-79.93,11,-26,-8,-991
49.86785889,0,0,0,0,0,0,75,76,80,70,84,-79.93,11,-26,-8,-991
49.96140885,0,0,0,0,0,0,75,76,81,70,84,-79.94,11,-9,0,-999
50.04790664,0,0,0,0,0,0,75,76,80,70,84,-79.98,11,-1,-16,-1001
50.10709667,0,0,0,0,0,0,75,76,80,70,84,-79.97,11,-6,3,-1007
50.20214677,-1,0,0,0,0,0,75,76,80,70,84,-79.98,11,13,-16,-984
50.2777369,-1,0,0,0,0,0,75,76,80,70,84,-79.98,11,13,-16,-984
50.37201476,-1,0,0,0,0,0,75,76,79,70,84,-79.9,12,4,-1,-1007
50.43568373,-1,0,0,0,0,0,75,76,79,70,84,-80.03,12,-28,17,-1022
50.50962687,-1,0,0,0,0,0,75,76,80,70,84,-79.91,12,-28,-1,-1006
50.63725781,-1,0,0,0,0,0,75,76,80,70,84,-79.95,12,-36,17,-998
50.70777869,-1,0,0,0,0,0,75,76,79,70,84,-79.93,12,-26,0,-987
50.75444293,-1,0,0,0,0,0,75,76,79,70,84,-79.93,12,-26,0,-987
50.8429029,-1,0,0,0,0,0,75,76,78,70,84,-79.93,12,-16,22,-1000
50.90864086,0,0,0,0,0,0,75,76,78,70,84,-79.98,12,-2,-5,-1004
50.96797061,0,0,0,0,0,0,75,76,80,70,84,-79.95,12,-6,0,-994
51.03813505,0,0,0,0,0,0,75,76,80,70,84,-79.95,12,-6,0,-994
51.09736967,-1,0,0,0,0,0,75,76,80,70,84,-79.98,12,0,-4,-995
51.16220379,0,0,0,0,0,0,75,76,80,70,84,-79.94,12,-13,0,-994
51.24330878,0,0,0,0,0,0,75,76,80,70,84,-79.94,12,-13,0,-994
51.31316972,0,0,0,0,0,0,75,76,79,70,84,-79.92,13,-7,-11,-996
51.36014795,-1,0,0,0,0,0,75,76,80,70,84,-79.92,13,-11,-21,-1014
51.43999982,-1,0,0,0,0,0,75,76,80,70,84,-79.92,13,-11,-21,-1014
51.53361893,0,0,0,0,0,0,75,76,80,70,84,-79.93,13,-37,-4,-996
51.60163975,-1,0,0,0,0,0,75,76,80,70,84,-79.97,13,-6,-4,-986
51.67267776,0,0,0,0,0,0,74,77,79,70,84,-79.96,13,-5,-15,-1006
51.7355628,0,0,0,0,0,0,74,77,79,70,84,-79.96,13,-5,-15,-1006
51.81291795,0,0,0,0,0,0,74,77,79,70,84,-79.92,13,1,-30,-975
51.90560985,0,0,0,0,0,0,74,77,80,70,84,-79.92,13,-28,-10,-1002
51.97127771,0,0,0,0,0,0,74,77,79,70,84,-79.88,13,-9,0,-996
52.04394174,0,0,0,0,0,0,74,77,79,70,84,-79.88,13,-9,0,-996
52.13490891,0,0,0,0,0,0,74,77,80,70,84,-79.92,13,-1,-20,-994
52.20534873,0,0,0,0,0,0,74,77,80,70,84,-79.96,13,30,-31,-995
52.27616978,0,0,0,0,0,0,74,77,80,70,84,-79.96,13,30,-31,-995
52.3445797,0,0,0,0,0,0,74,77,80,70,84,-79.99,14,-25,-15,-1010
52.42168188,0,0,0,0,0,0,74,77,79,70,84,-79.97,14,-12,-1,-1004
52.51182365,0,0,0,0,0,0,74,77,79,70,84,-80,14,-3,5,-983
52.61269784,0,0,0,0,0,0,74,77,79,70,84,-79.94,14,-9,-19,-1020
52.71659589,0,0,0,0,0,0,74,76,79,70,84,-79.95,14,-10,-23,-996
52.76942682,0,0,0,0,0,0,74,76,79,70,84,-79.95,14,-10,-23,-996
52.86339664,0,0,0,0,0,0,74,76,79,70,84,-79.89,14,-29,21,-1002
52.95015192,0,0,0,0,0,0,74,76,78,70,84,-79.94,14,-3,-6,-1007
53.01672292,-1,0,0,0,0,0,74,76,78,70,84,-79.97,14,-18,-27,-1016
53.08778596,-1,0,0,0,0,0,74,76,78,70,84,-79.97,14,-18,-27,-1016
53.17241287,0,0,0,0,0,0,74,76,79,70,84,-79.96,14,-34,25,-1002
53.27098894,0,0,0,1,0,0,74,76,79,70,84,-79.98,14,3,-3,-1011
53.36569881,0,0,0,1,0,0,74,76,80,70,84,-79.95,15,-9,-11,-1003
53.4369967,0,0,0,1,0,0,74,76,80,70,84,-79.96,15,-19,-1,-993
53.53246784,0,0,0,1,0,0,74,76,80,70,84,-79.98,15,-5,-3,-1002
53.60189795,0,0,0,0,0,0,74,76,80,70,84,-79.92,15,-16,8,-1008
53.67120266,0,0,0,0,0,0,74,76,80,70,84,-79.92,15,-16,8,-1008
53.74615192,0,0,0,0,0,0,74,76,80,70,84,-79.89,15,-15,0,-1001
53.81534576,0,0,0,0,0,0,74,76,79,70,84,-79.99,15,-31,1,-1004
53.93998981,0,0,0,0,0,0,74,76,80,70,84,-79.92,15,-21,5,-1008
54.03793097,0,0,0,0,0,0,74,76,80,70,84,-79.93,15,13,-20,-992
54.1086247,0,0,0,0,0,0,74,76,80,70,84,-79.93,15,13,-20,-992
54.17969203,0,0,0,0,0,0,74,76,79,70,84,-79.9,15,-12,0,-995
54.25317287,0,0,0,1,0,0,74,76,79,70,84,-79.95,15,-5,-14,-996
54.34291291,0,0,0,0,0,0,74,76,79,70,84,-80,16,-22,8,-1002
54.41179895,0,0,0,0,0,0,74,76,78,70,84,-79.93,16,7,4,-978
54.51010871,0,0,0,0,0,0,74,76,79,70,84,-79.95,16,-16,-33,-1000
54.57551098,0,0,0,0,0,0,74,76,79,70,84,-79.95,16,-16,-33,-1000
54.67090201,0,0,0,1,0,0,74,76,78,70,84,-79.92,16,-33,20,-1025
54.73398185,0,0,0,1,0,0,74,76,78,70,84,-79.92,16,-33,20,-1025
54.83750296,0,0,0,1,0,0,74,76,78,70,84,-79.89,16,-23,18,-987
54.94867682,0,0,0,0,0,0,74,76,78,70,84,-79.89,16,-19,18,-1018
55.04489088,0,0,0,0,0,0,74,76,78,70,84,-79.94,16,-14,4,-993
55.1394608,0,0,0,0,0,0,74,76,78,70,84,-79.95,16,10,-16,-1015
55.23638082,0,0,0,0,0,0,74,76,77,70,84,-79.92,17,-1,-4,-997
55.31071782,0,0,0,0,0,0,74,76,77,70,84,-79.94,17,-21,6,-997
55.4000299,0,0,0,1,0,0,74,76,77,70,84,-79.89,17,-32,15,-1020
55.47801185,0,0,0,1,0,0,74,76,77,70,84,-79.89,17,-32,15,-1020
55.55042887,0,0,0,1,0,0,74,76,78,70,84,-79.9,17,-20,7,-992
55.61936474,0,0,0,1,0,0,74,76,80,70,84,-79.91,17,-20,13,-988
55.70830488,0,0,0,1,0,0,74,76,80,70,84,-79.95,17,-29,18,-991
55.78244567,0,0,0,1,0,0,74,76,80,70,84,-79.95,17,-29,18,-991
55.86873388,0,0,0,1,0,0,74,76,80,70,84,-79.9,17,-47,31,-988
55.94307995,0,0,0,1,0,0,74,76,80,70,84,-79.95,17,-24,14,-1004
56.03603077,0,0,0,0,0,0,74,76,80,70,84,-79.94,17,-17,3,-1014
56.11404586,0,0,0,0,0,0,74,76,80,70,84,-79.89,17,-20,-18,-1018
56.17430091,0,0,0,0,0,0,74,76,80,70,84,-79.89,17,-20,-18,-1018
56.24843597,0,0,0,0,0,0,74,76,79,70,84,-79.91,18,-11,0,-995
56.33804989,0,0,0,0,0,0,74,76,79,70,84,-79.9,18,1,1,-984
56.40881896,0,0,0,0,0,0,74,76,79,70,84,-79.9,18,1,1,-984
56.5071497,0,0,0,0,0,0,74,76,80,70,84,-79.93,18,7,-23,-975
56.60719585,0,0,0,1,0,0,74,76,80,70,84,-79.85,18,18,-6,-975
56.68025804,0,0,0,1,0,0,74,76,80,70,84,-79.94,18,-27,19,-1002
56.74670887,0,0,0,1,0,0,73,76,81,70,84,-79.92,18,-8,17,-1000
56.81257391,0,0,0,1,0,0,73,76,81,70,84,-79.92,18,-8,17,-1000
56.87469888,0,0,0,1,0,0,73,76,79,70,84,-79.89,18,-14,-4,-1003
56.92942572,0,0,0,0,0,0,73,76,79,70,84,-79.95,18,-41,9,-1016
56.99718881,0,0,0,0,0,0,73,76,79,70,84,-79.95,18,-41,9,-1016
57.04590797,0,0,0,0,0,0,73,76,78,70,84,-79.91,18,-3,-21,-986
57.105515,0,0,0,0,0,0,73,76,78,70,84,-79.91,18,-3,-21,-986
57.17552471,0,0,0,0,0,0,73,76,78,70,84,-79.91,18,-19,13,-998
57.2616539,0,0,0,0,0,0,73,76,78,70,84,-79.92,19,-24,-12,-996
57.3312788,0,0,0,0,0,0,73,76,78,70,84,-79.9,19,-24,16,-1003
57.40659285,0,0,0,0,0,0,73,76,78,70,84,-79.9,19,-24,16,-1003
57.51409674,0,0,0,0,0,0,73,76,78,70,84,-79.86,19,-3,-9,-1018
57.60624266,0,0,0,0,0,0,73,76,79,70,84,-79.92,19,-26,15,-990
57.68215775,-1,0,0,0,0,0,73,76,76,70,84,-79.86,19,-13,8,-1013
57.7789979,-1,0,0,0,0,0,74,76,77,70,84,-79.87,19,6,-7,-985
57.87122774,-1,0,0,0,0,0,74,76,78,70,84,-79.91,19,-6,-11,-997
57.94187379,-1,0,0,0,0,0,74,76,78,70,84,-79.91,19,-6,-11,-997
58.01192498,0,0,0,0,0,0,74,76,78,70,84,-79.92,19,-9,-27,-1006
58.10542369,0,0,0,1,0,0,74,76,79,70,84,-79.91,19,24,-13,-1003
58.18300581,0,0,0,1,0,0,74,76,79,70,84,-79.93,19,-32,16,-1020
58.25267768,0,0,0,1,0,0,74,76,80,70,84,-79.9,20,-8,3,-1014
58.30842686,0,0,0,1,0,0,74,76,80,70,84,-79.9,20,-8,3,-1014
58.3847878,0,0,0,1,0,0,74,76,79,70,84,-79.88,20,-26,8,-989
58.48154187,0,0,0,1,0,0,74,76,79,70,84,-79.88,20,-4,16,-1002
58.57446671,0,0,0,0,0,0,74,76,79,70,84,-79.91,20,-13,7,-984
58.60851288,0,0,0,0,0,0,74,76,77,70,84,-79.94,20,-1,-8,-1006
58.68384671,0,0,0,0,0,0,74,76,77,70,84,-79.94,20,-1,-8,-1006
58.75491786,0,0,0,0,0,0,73,76,77,70,84,-79.93,20,-36,4,-992
58.81077385,0,0,0,0,0,0,73,76,77,60,84,-79.96,20,-13,-10,-1002
58.91460991,0,0,0,0,0,0,73,76,77,60,84,-79.96,20,-13,-10,-1002
59.00703478,0,0,0,1,0,0,73,76,79,60,84,-79.93,20,-3,-17,-1013
59.10955977,0,0,0,0,0,0,73,76,78,60,84,-80.01,20,0,-6,-997
59.20145464,0,0,0,0,0,0,73,76,77,60,84,-79.99,20,-3,12,-1003
59.24958491,0,0,0,0,0,0,73,76,77,60,84,-79.98,21,-32,12,-1002
59.3242538,0,0,0,0,0,0,73,76,77,60,84,-79.98,21,-32,12,-1002
59.40620279,0,0,0,1,0,0,73,76,77,60,84,-79.97,21,-33,1,-1028
59.4732337,0,0,0,1,0,0,73,76,75,60,84,-80.02,21,-10,-1,-1001
59.53317881,0,0,0,1,0,0,73,76,78,60,84,-80,21,-38,17,-1023
59.60865784,0,0,0,1,0,0,73,76,78,60,84,-80,21,-38,17,-1023
59.71273971,0,0,0,0,0,0,73,76,79,60,84,-79.97,21,-44,21,-990
59.77671385,0,0,0,0,0,0,74,76,80,60,84,-79.88,21,-36,5,-1018
59.85165381,0,0,0,0,0,0,74,76,79,60,84,-79.98,21,-25,8,-993
59.93374777,-1,0,0,0,0,0,74,76,80,60,84,-79.95,21,-17,12,-1007
60.001441,-1,0,0,0,0,0,74,76,80,60,84,-79.95,21,-17,12,-1007
60.05271983,0,0,0,0,0,0,74,76,79,70,84,-79.92,21,-33,17,-999
60.1344769,0,0,0,0,0,0,74,76,79,70,84,-79.92,21,-33,17,-999
60.19954371,0,0,0,0,0,0,74,76,80,70,84,-79.9,21,-11,-6,-1012
60.26381898,0,0,0,0,0,0,74,76,80,70,84,-79.92,22,-6,-8,-990
60.33443093,0,0,0,0,0,0,74,76,80,70,84,-79.92,22,-6,-8,-990
60.38798475,-1,0,0,0,0,0,74,76,78,70,84,-79.94,22,-5,-16,-985
60.44583702,0,0,0,1,0,0,74,76,79,70,84,-79.99,22,-12,-19,-1011
60.51830196,0,0,0,1,0,0,74,76,79,70,84,-79.99,22,-12,-19,-1011
60.58917284,0,0,0,1,0,0,74,76,80,70,84,-79.91,22,-22,-6,-979
60.65287495,0,0,0,1,0,0,74,76,77,70,84,-79.9,22,-14,-5,-1016
60.75291896,0,0,0,1,0,0,74,76,79,70,84,-79.97,22,-8,8,-994
60.84010077,0,0,0,1,0,0,74,76,79,70,84,-79.97,22,-8,8,-994
60.90625978,0,0,0,1,0,0,74,76,79,70,84,-79.95,22,4,-1,-1014
60.95367694,0,0,0,1,0,0,74,76,79,70,84,-79.96,22,-3,0,-984
61.06761074,0,0,0,1,0,0,74,76,79,70,84,-79.91,22,-14,7,-1024
61.14548397,0,0,0,1,0,0,74,76,79,70,84,-79.91,22,-14,7,-1024
61.20955276,0,0,0,0,0,0,74,76,80,70,84,-79.92,22,8,-17,-978
61.28861165,0,0,0,1,0,0,74,76,79,70,84,-79.88,23,-34,0,-998
61.37192965,0,0,0,1,0,0,74,76,80,70,84,-79.93,23,4,4,-999
61.43716669,0,0,0,1,0,0,74,76,80,70,84,-79.93,23,4,4,-999
61.50905967,0,0,0,0,0,0,74,76,80,70,84,-79.92,23,-14,-9,-990
61.60984278,0,0,0,0,0,0,74,76,81,70,84,-79.96,23,8,-13,-987
61.71051383,0,0,0,1,0,0,74,76,81,70,84,-79.93,23,-24,2,-1004
61.78464103,0,0,0,0,0,0,73,76,81,70,84,-79.91,23,-42,0,-1005
61.88240671,0,0,0,0,0,0,73,76,81,70,84,-79.94,23,-22,-4,-1003
61.9691689,0,0,0,0,0,0,73,76,81,70,84,-79.94,23,-22,-4,-1003
62.02301574,-1,0,0,0,0,0,73,76,80,70,84,-79.92,23,-8,13,-996
62.11126399,-1,0,0,0,0,0,73,76,80,70,84,-79.92,23,-8,13,-996
62.19482589,-1,0,0,0,0,0,73,76,80,70,84,-79.91,23,-18,-4,-995
62.28404188,0,0,0,0,0,0,73,76,81,70,84,-79.89,24,-11,-22,-1008
62.38599586,0,0,0,0,0,0,73,76,79,70,84,-79.92,24,-9,6,-1004
62.47138286,0,0,0,0,0,0,73,76,79,70,84,-79.87,24,-10,-15,-1005
62.53614283,0,0,0,1,0,0,73,76,80,70,84,-79.9,24,25,-39,-1000
62.60951495,0,0,0,1,0,0,73,76,80,70,84,-79.9,24,25,-39,-1000
62.681216,0,0,0,1,0,0,73,76,80,70,84,-79.9,24,-38,7,-1006
62.76808977,0,0,0,1,0,0,73,76,80,70,84,-79.9,24,-38,7,-1006
62.80972171,0,0,0,0,0,0,74,76,79,70,84,-79.99,24,-20,11,-997
62.87578964,0,0,0,0,0,0,74,76,79,70,84,-79.99,24,-20,11,-997
62.94818974,0,0,0,0,0,0,74,76,80,70,84,-79.97,24,-37,1,-1017
63.05551481,0,0,0,0,0,0,74,76,79,70,84,-79.93,24,-13,-1,-1004
63.15549374,0,0,0,1,0,0,74,76,79,70,84,-79.86,24,14,-4,-984
63.24863672,0,0,0,1,0,0,74,76,79,70,84,-79.86,24,14,-4,-984
63.33667684,0,0,0,1,0,0,74,76,80,70,84,-79.93,25,-10,0,-996
63.422858,0,0,0,1,0,0,74,76,78,70,84,-79.91,25,-2,-9,-987
63.50484562,0,0,0,1,0,0,74,76,80,70,84,-79.9,25,-47,19,-1003
63.57580781,0,0,0,0,0,0,74,76,80,70,84,-79.85,25,5,-9,-999
63.65086484,0,0,0,0,0,0,74,76,80,70,84,-79.85,25,5,-9,-999
63.74000001,0,0,0,0,0,0,74,76,78,70,84,-79.93,25,12,0,-979
63.80766058,0,0,0,0,0,0,74,76,80,70,84,-79.92,25,-14,-3,-997
63.86999679,0,0,0,0,0,0,74,76,80,70,84,-79.92,25,-14,-3,-997
63.94650292,0,0,0,0,0,0,74,76,79,70,84,-79.96,25,-24,1,-995
64.04172683,0,0,0,0,0,0,74,76,79,70,84,-79.9,25,15,-16,-987
64.11360574,0,0,0,0,0,0,74,76,78,70,84,-79.86,25,-11,11,-1013
64.23990774,0,0,0,0,0,0,74,76,79,70,84,-79.93,25,-16,-1,-1016
64.31072688,0,0,0,0,0,0,74,76,81,70,84,-79.88,26,-30,21,-1009
64.40357399,0,0,0,0,0,0,74,76,80,70,84,-79.93,26,-29,11,-994
64.47289491,0,0,0,0,0,0,74,76,80,70,84,-79.93,26,-29,11,-994
64.54102874,0,0,0,1,0,0,74,76,80,70,84,-79.86,26,-33,19,-986
64.62013698,0,0,0,1,0,0,74,76,79,70,84,-79.84,26,-12,0,-993
64.71568465,0,0,0,1,0,0,74,76,79,70,84,-79.9,26,-31,31,-988
64.7792058,0,0,0,1,0,0,74,76,79,70,84,-79.9,26,-31,31,-988
64.87829399,0,0,0,1,0,0,74,76,80,70,84,-79.87,26,-30,14,-1005
64.95133781,0,0,0,0,0,0,74,76,81,70,84,-79.9,26,-29,-6,-1001
65.01786065,0,0,0,0,0,0,74,76,81,70,84,-79.85,26,-32,2,-1004
65.09445786,0,0,0,0,0,0,74,76,80,70,84,-79.89,26,-27,18,-990
65.17707491,0,0,0,0,0,0,74,76,80,70,84,-79.89,26,-27,18,-990
65.25575089,0,0,0,0,0,0,74,76,80,70,84,-79.9,26,-30,15,-1010
65.35520101,0,0,0,0,0,0,74,76,81,70,84,-79.92,27,-21,5,-1021
65.41799593,0,0,0,0,0,0,74,76,81,70,84,-79.92,27,-14,6,-967
65.50577998,0,0,0,1,0,0,74,76,80,70,84,-79.85,27,1,-6,-1003
65.58394885,0,0,0,1,0,0,74,76,80,70,84,-79.85,27,1,-6,-1003
65.65774107,0,0,0,1,0,0,74,76,79,70,84,-79.9,27,2,-12,-994
65.7375989,0,0,0,1,0,0,74,76,80,70,84,-79.88,27,26,-22,-981
65.81164074,0,0,0,1,0,0,74,76,80,70,84,-79.9,27,5,-10,-993
65.92299271,0,0,0,1,0,0,74,76,80,70,84,-79.93,27,-1,0,-1014
66.00423765,0,0,0,1,0,0,74,76,80,70,84,-79.93,27,-1,0,-1014
66.09649777,0,0,0,1,0,0,74,76,81,70,84,-79.93,27,-4,-15,-993
66.20987082,0,0,0,0,0,0,74,76,80,70,84,-79.9,27,31,-27,-1006
66.26439977,0,0,0,0,0,0,74,76,80,70,84,-79.86,28,0,0,-977
66.32389188,0,0,0,0,0,0,74,76,80,70,84,-79.86,28,0,0,-977
66.40436769,0,0,0,1,0,0,74,76,81,70,84,-79.87,28,-20,-4,-1007
66.46795082,0,0,0,1,0,0,74,76,81,70,84,-79.87,28,-20,-4,-1007
66.52193689,0,0,0,1,0,0,74,76,81,70,84,-79.93,28,-11,-10,-1028
66.56756568,0,0,0,1,0,0,74,76,78,70,84,-79.91,28,16,-23,-1002
66.63612795,0,0,0,1,0,0,74,76,78,70,84,-79.91,28,16,-23,-1002
66.70821571,0,0,0,1,0,0,74,76,79,70,84,-79.85,28,-13,10,-992
66.77914691,-1,0,0,1,0,0,73,76,81,70,84,-79.88,28,-4,0,-1001
66.88768983,-2,0,0,1,0,0,73,76,79,70,84,-79.95,28,-7,11,-1012
66.98534298,-2,0,0,1,0,0,73,76,79,70,84,-79.95,28,-7,11,-1012
67.04410076,-2,0,0,1,0,0,73,76,79,70,84,-79.86,28,-22,13,-998
67.14137983,-2,0,0,2,0,0,73,76,80,70,84,-79.87,28,-12,-6,-989
67.19276285,-1,0,0,2,0,0,73,76,79,70,84,-79.9,28,4,1,-992
67.25759578,-1,0,0,2,0,0,73,76,79,70,84,-79.9,28,4,1,-992
67.34450769,-1,0,0,2,0,0,73,76,81,70,84,-79.91,29,0,-2,-996
67.4409337,-1,0,0,2,0,0,73,76,78,70,84,-79.96,29,-14,3,-1001
67.50368786,-1,0,0,2,0,0,73,76,79,70,84,-79.93,29,-6,-10,-995
67.574157,-1,0,0,2,0,0,73,76,79,70,84,-79.93,29,-6,-10,-995
67.63930583,-1,0,0,2,0,0,73,76,80,70,84,-79.88,29,14,-18,-1001
67.7043798,-1,0,0,2,0,0,73,76,79,70,84,-79.95,29,-17,-18,-1005
67.78370094,-1,0,0,2,0,0,73,76,79,70,84,-79.95,29,-17,-18,-1005
67.85938787,0,0,0,2,0,0,73,76,81,70,84,-79.93,29,4,-10,-1007
67.92525005,0,0,0,2,0,0,73,76,80,70,84,-80,29,-37,5,-1002
68.00385976,0,0,0,2,0,0,73,76,79,70,84,-79.97,29,-9,-12,-975
68.07956982,0,0,0,2,0,0,73,76,79,70,84,-79.97,29,-9,-12,-975
68.17526078,0,0,0,2,0,0,73,76,79,70,84,-79.91,29,-6,15,-987
68.25527382,0,0,0,2,0,0,73,76,79,70,84,-79.95,30,-2,-26,-1002
68.35171294,0,0,0,2,0,0,73,76,81,70,84,-79.94,30,-31,-7,-1003
68.44457483,0,0,0,2,0,0,73,76,80,70,84,-79.93,30,-24,-1,-983
68.51345587,0,0,0,2,0,0,73,76,81,70,84,-79.91,30,-34,-16,-1003
68.61951876,0,0,0,2,0,0,73,76,80,70,84,-79.89,30,-6,-5,-1001
68.71704483,1,0,0,2,0,0,73,76,81,70,84,-79.88,30,-28,12,-1019
68.78656793,1,0,0,2,0,0,73,76,81,70,84,-79.88,30,-28,12,-1019
68.84896278,3,0,0,1,0,0,74,76,82,70,84,-79.86,30,11,-5,-996
68.94961262,2,0,0,0,0,0,74,76,80,70,84,-79.96,30,-27,12,-1022
68.97832966,2,0,0,0,0,0,74,76,80,70,84,-79.96,30,-27,12,-1022
68.99020696,2,0,0,0,0,0,74,76,80,70,84,-79.96,30,-27,12,-1022
69.00266171,2,0,0,0,0,0,74,76,80,70,84,-79.96,30,-27,12,-1022
69.03728366,1,0,0,0,0,0,74,76,80,70,84,-79.81,30,-28,20,-1020
69.10039973,1,0,0,0,0,0,74,76,80,70,84,-79.81,30,-28,20,-1020
69.19964385,0,0,0,0,0,0,74,76,80,70,84,-79.91,30,11,0,-981
69.30662084,0,0,0,0,0,0,74,76,81,70,84,-79.85,31,-14,7,-994
69.37872791,1,0,0,0,0,0,74,76,81,70,84,-79.85,31,-3,-3,-1015
69.43991971,1,0,0,0,0,0,74,76,80,70,84,-79.81,31,7,-11,-994
69.5106287,1,0,0,0,0,0,74,76,80,70,84,-79.81,31,7,-11,-994
69.60847878,1,0,0,0,0,0,74,76,79,70,84,-79.88,31,8,6,-994
69.70726085,1,0,0,0,0,0,74,76,80,70,84,-79.93,31,-21,4,-995
69.77550173,1,0,0,0,0,0,74,76,80,70,84,-79.85,31,-7,10,-1008
69.83556676,1,0,0,0,0,0,74,76,80,70,84,-79.85,31,-7,10,-1008
69.9047718,0,0,0,0,0,0,73,76,80,70,84,-79.83,31,17,-24,-1010
69.95263481,0,0,0,0,0,0,73,76,78,70,84,-79.86,31,16,-9,-987
70.05116487,0,0,0,-1,0,0,73,76,78,70,84,-79.94,31,15,-28,-968
70.12212873,0,0,0,-1,0,0,73,76,78,70,84,-79.94,31,15,-28,-968
70.19846487,0,0,0,0,0,0,73,76,78,70,84,-79.89,32,0,4,-1010
70.26124287,0,0,0,0,0,0,73,76,78,70,84,-79.89,32,0,4,-1010
70.34337091,0,0,0,0,0,0,73,76,79,60,84,-79.88,32,-9,17,-1019
70.43434072,0,0,0,0,0,0,73,76,79,60,84,-79.88,32,-9,17,-1019
70.50342488,0,0,0,0,0,0,73,76,78,60,84,-79.86,32,51,-22,-987
70.61263275,0,0,0,0,0,0,73,76,79,60,84,-79.87,32,23,-17,-1013
70.72108269,1,0,0,0,0,0,73,76,78,60,84,-79.9,32,4,11,-1001
70.78093171,1,0,0,0,0,0,73,76,78,60,84,-79.9,32,4,11,-1001
70.85169482,0,0,0,0,0,0,73,76,79,60,84,-79.85,32,15,0,-998
70.91760278,0,0,0,-1,0,0,73,76,79,70,84,-79.89,32,7,2,-982
71.00295877,0,0,0,0,0,0,73,76,79,70,84,-79.87,32,16,-5,-995
71.05158782,0,0,0,0,0,0,73,76,79,70,84,-79.87,32,16,-5,-995
71.11535788,0,0,0,0,0,0,73,76,80,70,84,-79.86,32,19,-3,-1002
71.21593785,0,0,0,0,0,0,73,76,80,70,84,-79.92,33,7,13,-1006
71.29985094,0,0,0,0,0,0,73,76,80,70,84,-79.92,33,7,13,-1006
71.41222286,0,0,0,0,0,0,73,76,80,70,84,-79.87,33,14,0,-996
71.50994778,0,0,0,0,0,0,73,76,80,70,84,-79.86,33,25,-10,-998
71.61062288,0,0,0,0,0,0,73,76,80,70,84,-79.87,33,8,5,-1012
71.67489195,0,0,0,-1,0,0,73,76,81,70,84,-79.83,33,5,-6,-983
71.74234962,0,0,0,-1,0,0,73,76,82,70,84,-79.87,33,13,5,-1006
71.79768276,0,0,0,-1,0,0,73,76,82,70,84,-79.87,33,13,5,-1006
71.85579491,0,0,0,-1,0,0,73,76,82,70,84,-79.86,33,-7,5,-994
71.91670299,0,0,0,-1,0,0,73,76,82,70,84,-79.86,33,-7,5,-994
71.98846388,0,0,0,-1,0,0,73,76,83,70,84,-79.8,33,3,-6,-1017
72.06439281,0,0,0,-1,0,0,73,76,83,70,84,-79.84,33,36,-14,-987
72.14592981,0,0,0,-1,0,0,73,76,83,70,84,-79.82,33,34,4,-1002
72.21113801,0,0,0,-1,0,0,73,76,83,70,84,-79.82,33,34,4,-1002
72.28316998,0,0,0,-1,0,0,73,76,82,70,84,-79.81,34,23,5,-984
72.33653784,0,0,0,-1,0,0,73,76,84,70,84,-79.83,34,11,4,-987
72.40754676,0,0,0,-1,0,0,73,76,84,70,84,-79.83,34,11,4,-987
72.47676182,0,0,0,-1,0,0,73,76,82,70,84,-79.81,34,50,-19,-990
72.54902768,0,0,0,-1,0,0,73,76,82,70,84,-79.79,34,45,-19,-978
72.62177181,0,0,0,-1,0,0,73,76,82,70,84,-79.79,34,45,-19,-978
72.70841479,0,0,0,0,0,0,73,76,83,70,84,-79.8,34,9,11,-1009
72.77442098,0,0,0,0,0,0,73,76,83,70,84,-79.83,34,-10,6,-1016
72.8425498,0,0,0,0,0,0,73,76,82,70,84,-79.81,34,0,0,-1008
72.90764284,0,0,0,0,0,0,73,76,82,70,84,-79.81,34,0,0,-1008
72.98595667,0,0,0,0,0,0,73,76,82,70,84,-79.8,34,-10,-8,-1022
73.05881691,0,0,0,-1,0,0,73,76,82,70,84,-79.86,34,16,-8,-982
73.1498189,0,0,0,-1,0,0,73,76,82,70,84,-79.86,34,34,-13,-1004
73.23779678,0,0,0,-1,0,0,73,76,82,70,84,-79.86,34,34,-13,-1004
73.31008363,0,0,0,-1,0,0,73,76,81,70,84,-79.86,35,15,-23,-1006
73.38018894,0,0,0,-1,0,0,73,76,79,70,84,-79.86,35,18,-10,-1013
73.47310901,0,0,0,-1,0,0,73,76,80,70,84,-79.88,35,2,-10,-980
73.53630686,0,0,0,-1,0,0,73,76,80,70,84,-79.88,35,2,-10,-980
73.58856177,0,0,0,-1,0,0,73,76,79,70,84,-79.86,35,15,-11,-1023
73.6571629,0,0,0,-1,0,0,73,76,79,70,84,-79.86,35,15,-11,-1023
73.74147582,0,0,0,-1,0,0,73,76,80,70,84,-79.88,35,2,0,-992
73.80271983,0,0,0,-1,0,0,73,76,80,70,84,-79.89,35,-1,4,-1021
73.87107086,0,0,0,-1,0,0,73,76,80,70,84,-79.84,35,-19,17,-1007
73.93604183,0,0,0,-1,0,0,73,76,80,70,84,-79.84,35,-19,17,-1007
74.01075983,0,0,0,0,0,0,73,76,79,70,84,-79.86,35,3,11,-1014
74.11401081,0,0,0,0,0,0,73,76,79,70,84,-79.85,35,1,4,-975
74.20788503,0,0,0,-1,0,0,73,76,79,70,84,-79.83,35,18,-5,-1000
74.2708149,0,0,0,-1,0,0,73,76,79,70,84,-79.89,36,21,-25,-1001
74.3414619,0,0,0,-1,0,0,73,76,79,70,84,-79.86,36,15,-15,-985
74.42927575,0,0,0,-1,0,0,73,76,79,70,84,-79.85,36,27,-14,-984
74.49512291,0,0,0,-1,0,0,73,76,79,70,84,-79.85,36,27,-14,-984
74.58618784,0,0,0,-1,0,0,73,76,80,70,84,-79.85,36,32,-19,-992
74.68485188,0,0,0,0,0,0,73,76,80,70,84,-79.77,36,8,0,-1004
74.77705598,0,0,0,-1,0,0,73,76,78,70,84,-79.8,36,8,18,-1004
74.83556294,0,0,0,-1,0,0,73,76,78,70,84,-79.8,36,8,18,-1004
74.91051698,0,0,0,-1,0,0,73,76,79,70,84,-79.8,36,-12,3,-992
75.00970483,0,0,0,0,0,0,73,76,80,70,84,-79.85,36,11,-17,-997
75.10723186,0,0,0,-1,0,0,73,76,79,70,84,-79.87,36,0,-4,-997
75.18358588,0,0,0,-1,0,0,73,76,79,70,84,-79.84,36,24,-6,-989
75.24012184,0,0,0,-1,0,0,73,76,79,70,84,-79.84,36,24,-6,-989
75.32887173,0,0,0,-1,0,0,73,76,78,70,84,-79.87,37,9,13,-1008
75.42068577,0,0,0,-1,0,0,73,76,78,70,84,-79.86,37,-20,24,-1010
75.50033188,0,0,0,-1,0,0,73,76,78,70,84,-79.92,37,-7,-1,-988
75.54872584,0,0,0,-1,0,0,73,76,78,70,84,-79.85,37,4,14,-993
75.61453485,0,0,0,-1,0,0,73,76,78,70,84,-79.85,37,4,14,-993
75.70954394,0,0,0,-1,0,0,73,76,78,70,84,-79.87,37,-16,32,-1005
75.77386975,0,0,0,-1,0,0,73,76,78,70,84,-79.89,37,-26,26,-992
75.8390708,0,0,0,-1,0,0,73,76,78,70,84,-79.89,37,-26,26,-992
75.91619992,0,0,0,0,0,0,74,76,78,70,84,-79.88,37,-25,26,-1008
75.98803473,0,0,0,0,0,0,74,76,79,70,84,-79.84,37,12,6,-1004
76.07206178,0,0,0,0,0,0,74,76,78,60,84,-79.86,37,20,10,-988
76.14722776,0,0,0,0,0,0,74,76,78,60,84,-79.86,37,20,10,-988
76.23182678,0,0,0,0,0,0,74,76,78,60,84,-79.84,37,14,-2,-1003
76.26508689,0,0,0,0,0,0,74,76,78,60,84,-79.89,38,-18,17,-1016
76.33269572,0,0,0,0,0,0,74,76,78,60,84,-79.89,38,-18,17,-1016
76.40833783,0,0,0,0,0,0,74,76,78,60,84,-79.88,38,-26,15,-1012
76.50702381,0,0,0,0,0,0,74,76,78,60,84,-79.86,38,-11,5,-1007
76.56898785,0,0,0,0,0,0,74,76,79,60,84,-79.82,38,21,-27,-1000
76.63856983,0,0,0,0,0,0,74,76,79,60,84,-79.82,38,21,-27,-1000
76.70809579,0,0,0,0,0,0,74,76,78,60,84,-79.85,38,0,-1,-1009
76.7813077,0,0,0,0,0,0,74,76,78,70,84,-79.84,38,-7,2,-1002
76.86830091,0,0,0,0,0,0,74,76,78,70,84,-79.84,38,-7,2,-1002
76.91980076,0,0,0,-1,0,0,74,76,79,70,84,-79.88,38,-24,8,-1000
77.0067656,0,0,0,0,0,0,74,76,79,70,84,-79.86,38,2,1,-995
77.09617567,0,0,0,0,0,0,74,76,78,70,84,-79.86,38,3,8,-994
77.17248201,0,0,0,0,0,0,74,76,78,70,84,-79.86,38,3,8,-994
77.2423358,0,0,0,0,0,0,74,76,79,70,84,-79.85,38,-17,19,-1009
77.33501887,0,0,0,0,0,0,74,76,79,70,84,-79.84,39,37,-3,-961
77.39462972,0,0,0,0,0,0,74,76,79,70,84,-79.84,39,37,-3,-961
77.47436786,0,0,0,0,0,0,74,76,79,70,84,-79.85,39,-20,13,-1015
77.54691768,0,0,0,0,0,0,74,76,79,70,84,-79.9,39,22,0,-985
77.62189889,0,0,0,0,0,0,74,76,81,70,84,-79.83,39,-17,15,-997
77.68674469,0,0,0,0,0,0,74,76,81,70,84,-79.83,39,-17,15,-997
77.78001881,0,0,0,0,0,0,74,76,79,70,84,-79.8,39,-17,2,-1015
77.84493685,0,0,0,0,0,0,74,76,79,70,84,-79.81,39,10,0,-1005
77.89978886,0,0,0,0,0,0,73,76,79,70,84,-79.8,39,-4,26,-1005
77.97146392,0,0,0,0,0,0,73,76,79,70,84,-79.8,39,-4,26,-1005
78.05853271,0,0,0,0,0,0,73,76,80,70,84,-79.82,39,-12,4,-1010
78.15378475,0,0,0,0,0,0,73,76,80,70,84,-79.82,39,-6,1,-1006
78.24583864,0,0,0,0,0,0,73,76,79,70,84,-79.86,39,10,-12,-1003
78.32199192,0,0,0,0,0,0,73,76,81,70,84,-79.8,40,28,6,-981
78.36449671,0,0,0,0,0,0,73,76,79,70,84,-79.82,40,10,3,-1018
78.45487475,0,0,0,0,0,0,73,76,79,70,84,-79.82,40,10,3,-1018
78.56182384,0,0,0,0,0,0,73,76,79,70,84,-79.77,40,-31,32,-1006
78.64561772,0,0,0,0,0,0,73,76,78,70,84,-79.84,40,10,-23,-999
78.71200275,0,0,0,0,0,0,73,76,79,70,84,-79.82,40,25,7,-989
78.81036687,0,0,0,0,0,0,73,76,80,70,84,-79.83,40,34,-13,-976
78.88754892,0,0,0,0,0,0,74,76,80,70,84,-79.78,40,13,26,-1014
78.9757607,0,0,0,0,0,0,74,76,78,70,84,-79.81,40,-9,15,-998
79.06681681,0,0,0,0,0,0,74,76,78,70,84,-79.81,40,-9,15,-998
79.17185998,0,0,0,0,0,0,74,76,79,70,84,-79.81,40,12,6,-1005
79.2384367,0,0,0,0,0,0,74,76,79,70,84,-79.81,40,12,6,-1005
79.31435084,0,0,0,0,0,0,74,76,80,70,84,-79.81,41,-3,23,-1008
79.41316891,0,0,0,0,0,0,74,76,79,70,84,-79.76,41,19,-3,-1005
79.53133273,0,0,0,0,0,0,74,76,81,70,84,-79.86,41,-18,9,-1002
79.60441494,0,0,0,0,0,0,74,76,80,70,84,-79.8,41,13,6,-997
79.70254683,0,0,0,0,0,0,74,76,80,70,84,-79.8,41,43,-11,-1010
79.78540063,0,0,0,0,0,0,74,76,79,70,84,-79.75,41,34,-31,-979
79.84660387,0,0,0,0,0,0,74,76,79,70,84,-79.75,41,34,-31,-979
79.91345787,0,0,0,0,0,0,73,76,80,70,84,-79.74,41,17,0,-992
80.01282978,0,0,0,0,0,0,73,76,81,70,84,-79.79,41,21,10,-999
80.13330579,0,0,0,-1,0,0,73,76,82,70,84,-79.74,41,2,8,-1011
80.18576193,0,0,0,-1,0,0,73,76,82,70,84,-79.74,41,2,8,-1011
80.24811888,0,0,0,0,0,0,73,76,81,70,84,-79.85,41,-17,14,-1004
80.31685495,0,0,0,-1,0,0,73,76,82,70,84,-79.77,42,8,-4,-989
80.38856697,0,0,0,-1,0,0,73,76,82,70,84,-79.77,42,8,-4,-989
80.45369482,0,0,0,0,0,0,73,76,81,70,84,-79.82,42,8,10,-995
80.54064584,0,0,0,0,0,0,73,76,81,70,84,-79.73,42,-8,2,-1008
80.63910079,0,0,0,0,0,0,73,76,81,70,84,-79.74,42,38,-10,-1003
80.70300078,0,0,0,0,0,0,73,76,80,70,84,-79.81,42,1,-1,-997
80.77944493,0,0,0,0,0,0,73,76,80,70,84,-79.81,42,1,-1,-997
80.87925196,0,0,0,0,0,0,73,76,81,70,84,-79.81,42,-3,7,-1009
80.98838282,0,0,0,0,0,0,74,75,80,70,84,-79.8,42,-2,0,-1010
81.06960487,0,0,0,0,0,0,74,75,81,70,84,-79.8,42,36,-7,-990
81.15312099,0,0,0,0,0,0,74,75,83,70,84,-79.79,42,0,6,-988
81.2342968,0,0,0,-1,0,0,74,75,83,70,84,-79.8,42,-34,27,-999
81.31669092,0,0,0,-1,0,0,74,75,81,70,84,-79.82,43,-9,10,-1004
81.41689491,0,0,0,-1,0,0,74,75,81,70,84,-79.81,43,-10,7,-993
81.50466371,0,0,0,-1,0,0,74,75,82,70,84,-79.79,43,-11,4,-999
81.58285999,0,0,0,-1,0,0,74,75,80,70,84,-79.82,43,-4,5,-1004
81.67257476,0,0,0,-1,0,0,74,75,81,70,84,-79.76,43,-22,16,-997
81.74239898,0,0,0,-1,0,0,74,75,81,70,84,-79.76,43,-22,16,-997
81.83712101,0,0,0,0,0,0,74,75,79,70,84,-79.76,43,22,-11,-1011
81.91422677,0,0,0,0,0,0,73,76,81,70,84,-79.8,43,-5,26,-1002
82.00794291,0,0,0,0,0,0,73,76,82,70,84,-79.8,43,-5,-4,-1000
82.10332799,0,0,0,0,0,0,73,76,80,70,84,-79.85,43,-28,26,-1021
82.16800785,0,0,0,0,0,0,73,76,80,70,84,-79.85,43,-28,26,-1021
82.23887777,0,0,0,0,0,0,73,76,81,70,84,-79.8,44,10,17,-1008
82.32069397,0,0,0,0,0,0,73,76,81,70,84,-79.8,44,13,-4,-1005
82.39352083,0,0,0,0,0,0,73,76,81,70,84,-79.79,44,-17,8,-1003
82.47572565,0,0,0,0,0,0,73,76,81,70,84,-79.79,44,-17,8,-1003
82.57766175,0,0,0,0,0,0,73,76,79,70,84,-79.77,44,1,13,-999
82.64675093,0,0,0,0,0,0,73,76,80,70,84,-79.83,44,-18,10,-1016
82.71093678,0,0,0,0,0,0,73,76,80,70,84,-79.83,44,-13,28,-1004
82.77240491,0,0,0,0,0,0,73,76,80,70,84,-79.83,44,-13,28,-1004
82.85083699,0,0,0,0,0,0,73,76,80,70,84,-79.81,44,-7,20,-994
82.9683969,0,0,0,0,0,0,73,75,80,70,84,-79.83,44,-4,4,-1023
83.0095849,0,0,0,0,0,0,73,75,81,70,84,-79.81,44,2,-2,-979
83.07860565,0,0,0,0,0,0,73,75,81,70,84,-79.81,44,2,-2,-979
83.1658318,0,0,0,0,0,0,73,75,81,70,84,-79.78,44,41,-15,-1009
83.2689867,0,0,0,0,0,0,73,75,80,70,84,-79.83,45,31,-5,-989
83.32720184,0,0,0,-1,0,0,73,75,81,70,84,-79.73,45,7,19,-1000
83.41409683,0,0,0,-1,0,0,73,75,79,70,84,-79.84,45,22,-12,-986
83.48422074,0,0,0,-1,0,0,73,75,79,70,84,-79.84,45,22,-12,-986
83.57235885,0,0,0,-1,0,0,73,75,79,70,84,-79.79,45,25,5,-1016
83.64026594,0,0,0,-1,0,0,73,75,78,70,84,-79.81,45,22,-1,-974
83.73297095,0,0,0,-1,0,0,73,75,79,70,84,-79.79,45,33,-21,-992
83.78477478,0,0,0,-1,0,0,73,75,79,70,84,-79.79,45,33,-21,-992
83.90025878,0,0,0,-1,0,0,73,75,78,70,84,-79.83,45,-14,13,-978
83.96973896,0,0,0,-1,0,0,73,76,80,70,84,-79.8,45,32,0,-997
84.03551483,0,0,0,0,0,0,73,76,77,70,84,-79.72,45,-7,20,-987
84.1048038,0,0,0,0,0,0,73,76,77,70,84,-79.72,45,-7,20,-987
84.17600465,0,0,0,0,0,0,73,76,78,70,84,-79.82,45,18,-5,-998
84.28409386,0,0,0,0,0,0,73,76,79,70,84,-79.78,46,-15,26,-1002
84.40201283,0,0,0,0,0,0,73,76,77,70,84,-79.77,46,20,-5,-997
84.45352769,0,0,0,-1,0,0,73,76,78,70,84,-79.82,46,8,16,-980
84.53058195,0,0,0,-1,0,0,73,76,78,70,84,-79.82,46,8,16,-980
84.60268164,0,0,0,-1,0,0,73,76,77,70,84,-79.8,46,19,-5,-991
84.68707585,0,0,0,-1,0,0,73,76,80,70,84,-79.77,46,0,3,-1016
84.77840686,0,0,0,-1,0,0,73,76,81,70,84,-79.79,46,27,-14,-984
84.86727881,0,0,0,-1,0,0,73,76,81,70,84,-79.82,46,22,-4,-970
84.97135782,0,0,0,-1,0,0,74,76,82,70,84,-79.74,46,-14,25,-1004
85.00765777,0,0,0,-1,0,0,74,76,82,70,84,-79.74,46,-14,25,-1004
85.06706786,0,0,0,-1,0,0,74,76,81,70,84,-79.79,46,-21,27,-1011
85.20025802,0,0,0,-1,0,0,74,76,82,70,84,-79.74,46,11,10,-994
85.27062297,0,0,0,-1,0,0,74,76,81,70,84,-79.75,47,12,-17,-997
85.33610392,0,0,0,-1,0,0,74,76,81,70,84,-79.75,47,12,-17,-997
85.38250279,0,0,0,-1,0,0,74,76,81,70,84,-79.74,47,5,-6,-1000
85.45195484,0,0,0,0,0,0,74,76,80,70,84,-79.8,47,5,7,-988
85.57405591,2,0,0,-1,0,0,74,76,80,70,84,-79.74,47,-5,-2,-1006
85.63438678,2,0,0,-1,0,0,74,76,80,70,84,-79.8,47,23,-20,-979
85.68611789,2,0,0,-1,0,0,74,76,80,70,84,-79.8,47,23,-20,-979
85.73786688,2,0,0,-1,0,0,74,76,80,70,84,-79.77,47,2,15,-1002
85.81628275,1,0,0,-2,0,0,74,76,80,70,84,-79.73,47,14,8,-1001
85.87596989,1,0,0,-2,0,0,74,76,80,70,84,-79.73,47,14,8,-1001
85.98051405,1,0,0,-2,0,0,73,76,79,70,84,-79.75,47,23,-20,-1004
86.06008482,0,0,0,-2,0,0,73,76,79,70,84,-79.74,47,-15,28,-1017
86.14730477,0,0,0,-2,0,0,73,76,79,70,84,-79.74,47,29,-19,-1008
86.26363373,1,0,0,-2,0,0,73,76,80,70,84,-79.71,48,-8,19,-1009
86.34425378,0,0,0,-2,0,0,73,76,80,70,84,-79.74,48,20,-3,-1002
86.45429778,0,0,0,-2,0,0,73,76,80,70,84,-79.74,48,32,-21,-995
86.53361773,1,0,0,-2,0,0,73,76,81,70,84,-79.72,48,2,23,-1005
86.58783102,1,0,0,-2,0,0,73,76,81,70,84,-79.72,48,2,23,-1005
86.65745378,1,0,0,-2,0,0,73,76,79,70,84,-79.76,48,10,-13,-990
86.73714089,0,0,0,-2,0,0,73,76,81,70,84,-79.77,48,19,-8,-1015
86.80654573,0,0,0,-2,0,0,73,76,81,70,84,-79.77,48,19,-8,-1015
86.87533784,0,0,0,-2,0,0,73,76,82,70,84,-79.77,48,23,-3,-989
86.93878078,0,0,0,-2,0,0,73,76,82,70,84,-79.78,48,12,-5,-993
86.9915998,0,0,0,-2,0,0,73,76,82,70,84,-79.78,48,12,-5,-993
87.04787397,0,0,0,-2,0,0,73,76,80,70,84,-79.74,48,13,0,-990
87.1338439,0,0,0,-2,0,0,73,76,83,70,84,-79.85,48,22,-18,-1000
87.24021292,0,0,0,-2,0,0,73,76,82,70,84,-79.72,49,12,-8,-992
87.29343581,0,0,0,-2,0,0,73,76,82,70,84,-79.72,49,12,-8,-992
87.37973189,0,0,0,-2,0,0,73,76,82,70,84,-79.72,49,18,3,-974
87.48103189,-2,0,0,-2,0,0,73,76,82,70,84,-79.71,49,-19,10,-1023
87.57279587,-5,0,0,-1,0,0,73,76,84,70,84,-79.67,49,17,-10,-990
87.64464378,-5,0,0,-1,0,0,73,76,84,70,84,-79.67,49,17,-10,-990
87.7195189,-2,0,0,0,0,0,73,76,82,70,84,-79.83,49,4,-17,-1006
87.80496264,-1,0,0,0,0,0,73,76,83,70,84,-79.72,49,17,-22,-1001
87.87448883,0,0,0,0,0,0,73,76,83,70,84,-79.73,49,-28,1,-1009
87.97808671,0,0,0,0,0,0,74,76,82,70,84,-79.68,49,-10,-4,-985
88.0452857,0,0,0,0,0,0,74,76,82,70,84,-79.68,49,-10,-4,-985
88.13667774,0,0,0,0,0,0,74,76,83,70,84,-79.74,49,-28,23,-1007
88.2366209,0,0,0,0,0,0,74,76,84,70,84,-79.65,49,-21,-12,-1005
88.31463695,0,0,0,0,0,0,74,76,83,70,84,-79.68,50,-26,16,-1009
88.39407682,0,0,0,0,0,0,74,76,82,70,84,-79.71,50,-2,-8,-1002
88.45788074,0,0,0,0,0,0,74,76,82,70,84,-79.71,50,-2,-8,-1002
88.52742076,0,0,0,0,0,0,74,76,83,70,84,-79.69,50,-1,-6,-984
88.59847498,0,0,0,0,0,0,74,76,83,70,84,-79.71,50,3,-13,-986
88.68363285,0,0,0,0,0,0,74,76,82,70,84,-79.76,50,-29,3,-1005
88.78906178,0,0,0,0,0,0,74,76,82,70,84,-79.68,50,-30,10,-1018
88.86525989,0,0,0,0,0,0,74,76,82,70,84,-79.69,50,-38,33,-983
88.93434596,0,0,0,0,0,0,74,76,82,70,84,-79.69,50,-38,33,-983
89.0122118,0,0,0,0,0,0,73,75,81,70,84,-79.73,50,-4,0,-998
89.07242584,0,0,0,0,0,0,73,75,81,70,84,-79.76,50,-23,7,-1003
89.13632202,0,0,0,0,0,0,73,75,81,70,84,-79.76,50,-23,7,-1003
89.23025084,0,0,0,0,0,0,73,75,80,70,84,-79.75,51,-7,-14,-1018
89.3011179,0,0,0,0,0,0,73,75,80,70,84,-79.75,51,-7,-14,-1018
89.36350989,0,0,0,0,0,0,73,75,80,70,84,-79.74,51,-27,18,-1011
89.43516374,0,0,0,0,0,0,73,75,81,70,84,-79.72,51,15,-14,-988
89.50467873,0,0,0,0,0,0,73,75,81,70,84,-79.72,51,15,-14,-988
89.60640979,0,0,0,0,0,0,73,75,81,70,84,-79.7,51,-16,7,-1010
89.70829678,0,0,0,0,0,0,73,75,79,70,84,-79.68,51,-17,-18,-1006
89.77210379,0,0,0,0,0,0,73,75,81,70,84,-79.64,51,-1,0,-1000
89.87150574,0,0,0,0,0,0,73,75,80,70,84,-79.75,51,12,-27,-1020
89.91352868,0,0,0,0,0,0,73,75,80,70,84,-79.75,51,12,-27,-1020
89.999125,0,0,0,0,0,0,73,76,79,70,84,-79.67,51,-8,-5,-1008
90.06786299,0,0,0,0,0,0,73,76,80,70,84,-79.71,51,-7,-4,-1015
90.19574594,0,0,0,0,0,0,73,76,80,70,84,-79.65,51,-5,22,-1005
90.24658465,0,0,0,0,0,0,73,76,80,70,84,-79.68,52,-25,6,-1000
90.34190798,0,0,0,0,0,0,73,76,80,70,84,-79.68,52,-25,6,-1000
90.43622279,0,0,0,0,0,0,73,76,80,70,84,-79.67,52,-8,-2,-1006
90.50731969,0,0,0,0,0,0,73,76,80,70,84,-79.63,52,-1,-13,-1020
90.57643485,0,0,0,0,0,0,73,76,80,70,84,-79.66,52,-19,-6,-1008
90.65941668,0,0,0,0,0,0,73,76,81,70,84,-79.68,52,34,-34,-989
90.74439383,0,0,0,0,0,0,73,76,81,70,84,-79.68,52,34,-34,-989
90.80995083,0,0,0,0,0,0,73,76,79,70,84,-79.67,52,-10,-1,-998
90.87815881,0,0,0,0,0,0,73,76,80,70,84,-79.65,52,6,-20,-993
90.97360897,0,0,0,0,0,0,73,76,80,70,84,-79.68,52,8,-11,-995
91.06809592,0,0,0,0,0,0,73,76,80,70,84,-79.69,52,-3,2,-1013
91.17064071,0,0,0,0,0,0,73,76,79,70,84,-79.68,52,-16,-11,-1004
91.26017976,0,0,0,0,0,0,73,76,79,70,84,-79.68,52,-16,-11,-1004
91.3383708,0,0,0,0,0,0,73,76,80,70,84,-79.71,53,20,-30,-1001
91.41681671,0,0,0,0,0,0,73,76,80,70,84,-79.67,53,-2,0,-987
91.5036788,0,0,0,0,0,0,73,76,78,70,84,-79.68,53,-5,-12,-1008
91.63439775,0,0,0,0,0,0,73,76,79,70,84,-79.64,53,-32,34,-1008
91.76573586,0,0,0,0,0,0,73,76,78,70,84,-79.66,53,-7,-2,-982
91.81030393,0,0,0,0,0,0,73,76,78,70,84,-79.67,53,-17,1,-994
91.87103367,0,0,0,0,0,0,73,76,78,70,84,-79.67,53,-17,1,-994
91.93485379,0,0,0,0,0,0,73,76,78,70,84,-79.68,53,-14,12,-999
92.03848767,0,0,0,0,0,0,73,75,78,70,84,-79.63,53,-1,-5,-1011
92.09152675,0,0,0,0,0,0,73,75,77,60,84,-79.65,53,-35,5,-1004
92.17277479,0,0,0,0,0,0,73,75,77,60,84,-79.65,53,-35,5,-1004
92.24423194,0,0,0,0,0,0,73,75,77,60,84,-79.66,53,-9,1,-1021
92.30900192,0,0,0,0,0,0,73,75,77,60,84,-79.63,54,6,6,-1006
92.41114187,0,0,0,0,0,0,73,75,77,60,84,-79.61,54,13,-23,-992
92.47946286,0,0,0,0,0,0,73,75,77,60,84,-79.61,54,13,-23,-992
92.54899979,0,0,0,0,0,0,73,75,76,60,84,-79.67,54,-14,22,-999
92.66968083,0,0,0,0,0,0,73,75,77,60,84,-79.71,54,-29,8,-1030
92.73709273,0,0,0,0,0,0,73,75,78,60,84,-79.71,54,-12,-1,-1010
92.81530476,0,0,0,0,0,0,73,75,78,60,84,-79.63,54,-24,11,-1007
92.90321088,0,0,0,0,0,0,73,75,78,60,84,-79.63,54,-28,25,-985
92.95579076,0,0,0,0,0,0,73,75,78,60,84,-79.63,54,-28,25,-985
93.00955176,0,0,0,0,0,0,73,76,77,60,84,-79.7,54,-22,27,-1014
93.06592464,0,0,0,0,0,0,73,76,77,60,84,-79.7,54,-22,27,-1014
93.12116671,0,0,0,0,0,0,73,76,77,60,84,-79.65,54,-32,29,-979
93.17484593,0,0,0,0,0,0,73,76,77,60,84,-79.65,54,-32,29,-979
93.26395082,0,-1,0,0,0,0,73,76,77,60,84,-79.68,55,20,-29,-989
93.34724402,0,-1,0,0,0,0,73,76,77,60,84,-79.68,55,20,-29,-989
93.411093,0,0,0,0,0,0,73,76,76,60,84,-79.71,55,3,-24,-1001
93.53147078,0,0,0,0,0,0,73,76,77,60,84,-79.59,55,6,-16,-984
93.59222865,0,0,0,0,0,0,73,76,75,60,84,-79.73,55,3,-16,-997
93.67150879,1,1,0,0,0,0,73,76,75,60,84,-79.68,55,-7,-11,-1010
93.76446486,1,1,0,0,0,0,73,76,75,60,84,-79.66,55,-30,23,-1017
93.85391378,1,1,0,0,0,0,73,76,75,60,84,-79.66,55,-30,23,-1017
93.97209883,0,0,0,0,0,0,73,75,75,60,84,-79.74,55,18,-12,-1002
94.06987691,0,0,0,0,0,0,73,75,74,60,84,-79.67,55,-5,12,-1014
94.13462663,0,0,0,0,0,0,73,75,74,60,84,-79.67,55,-5,12,-1014
94.24374485,0,0,0,0,0,0,73,75,75,60,84,-79.71,55,23,-19,-992
94.33814502,0,0,0,0,0,0,73,75,76,60,84,-79.72,56,-7,-11,-999
94.3934598,0,0,0,0,0,0,73,75,76,60,84,-79.67,56,-19,3,-1005
94.47128296,0,0,0,0,0,0,73,75,76,60,84,-79.67,56,-19,3,-1005
94.55013776,0,0,0,0,0,0,73,75,76,60,84,-79.63,56,9,-25,-1014
94.60841703,0,0,0,0,0,0,73,75,78,60,84,-79.69,56,-2,-10,-1007
94.66883874,0,0,0,0,0,0,73,75,78,60,84,-79.69,56,-2,-10,-1007
94.73956776,0,0,0,0,0,0,73,75,77,60,84,-79.67,56,-15,4,-978
94.8051579,0,0,0,0,0,0,73,75,77,60,84,-79.63,56,5,2,-983
94.85326266,0,0,0,0,0,0,73,75,77,60,84,-79.63,56,5,2,-983
94.93562889,0,0,0,0,0,0,73,75,77,60,84,-79.76,56,-4,15,-986
95.01391482,0,-1,0,0,0,0,73,75,78,60,84,-79.67,56,-27,23,-989
95.07239985,0,-1,0,0,0,0,73,75,78,60,84,-79.67,56,-27,23,-989
95.14451575,0,-1,0,0,0,0,73,75,77,60,84,-79.66,56,29,-19,-991
95.23418975,0,-1,0,0,0,0,73,75,76,60,84,-79.66,56,-27,21,-992
95.31314301,0,0,0,0,0,0,73,75,76,60,84,-79.69,57,-3,-14,-941
95.36449575,0,0,0,0,0,0,73,75,76,60,84,-79.69,57,-3,-14,-941
95.42602372,0,0,0,0,0,0,73,75,75,60,84,-79.7,57,-18,29,-911
95.49662781,0,0,0,0,0,1,73,75,73,60,84,-79.76,57,-21,35,-941
95.56728697,0,0,0,0,0,1,73,75,73,60,84,-79.76,57,-21,35,-941
95.65304971,0,0,0,0,0,2,73,75,70,60,84,-79.77,57,-23,14,-917
95.70341873,0,0,0,0,0,3,73,75,66,60,84,-79.75,57,-14,36,-931
95.73253775,0,0,0,0,0,3,73,75,66,60,84,-79.75,57,-14,36,-931
95.81952786,0,0,0,0,0,3,73,75,62,50,84,-79.8,57,-15,30,-964
95.88924384,0,0,0,0,0,3,73,75,62,50,84,-79.8,57,-15,30,-964
95.97456384,0,0,0,0,0,4,73,75,57,50,84,-79.83,57,-15,11,-995
96.02125788,0,0,0,0,0,4,73,76,52,40,84,-79.93,57,-11,0,-979
96.06798983,0,0,0,0,0,4,73,76,52,40,84,-79.93,57,-11,0,-979
96.13366675,0,0,0,0,0,4,73,76,47,40,84,-79.91,57,-19,2,-1000
96.21568274,0,0,0,0,0,4,73,76,42,30,84,-79.98,58,-30,33,-1001
96.25997782,0,0,0,0,0,4,73,76,42,30,84,-79.98,58,-30,33,-1001
96.33592296,0,0,0,0,0,4,73,76,38,30,84,-79.98,58,15,-23,-1005
96.42478681,0,0,0,0,0,4,73,76,34,20,84,-80.09,58,25,-23,-1020
96.50880671,0,0,0,0,0,4,73,76,34,20,84,-80.09,58,25,-23,-1020
96.61359787,0,0,0,0,0,4,73,76,29,20,84,-80.01,58,10,4,-1004
96.70792294,0,0,0,0,0,4,73,76,24,10,84,-80.21,58,-9,12,-977
96.76297379,0,0,0,0,0,4,73,76,19,10,84,-80.24,58,-40,21,-1006
96.84766674,-1,0,0,0,0,4,73,76,18,0,84,-80.37,58,-33,9,-1010
96.94391394,-1,0,0,0,0,3,73,76,12,0,84,-80.72,58,-35,23,-1017
96.99411392,-1,0,0,0,0,3,73,76,12,0,84,-80.72,58,-35,23,-1017
97.04540491,-1,0,0,0,0,3,73,76,10,0,84,-81.49,58,4,-22,-1012
97.09197378,-1,0,0,0,0,3,73,76,10,0,84,-81.49,58,4,-22,-1012
97.15146804,0,0,0,0,0,3,73,76,10,0,84,-82.03,58,-23,21,-1003
97.23997283,-1,0,0,0,0,3,73,76,10,0,84,-83.24,59,18,-26,-1024
97.3333497,0,0,1,0,0,0,73,76,6553,0,84,-83.79,59,-8,2,-1057
97.40270376,-2,0,1,0,0,0,73,76,10,0,84,-82.92,59,-24,6,-756
97.47114968,-2,0,1,0,0,0,73,76,10,0,84,-82.92,59,-24,6,-756
97.52859068,-1,0,1,0,0,0,73,76,6553,0,84,-83.12,59,54,-80,-1634
97.60362387,0,0,1,0,0,0,73,76,6553,0,84,-82.96,59,-60,-55,-1226
97.67633271,0,0,1,0,0,0,73,76,6553,0,84,-82.96,59,-60,-55,-1226
97.76422596,0,0,1,0,0,0,73,76,6553,0,84,-82,59,-20,-38,-990
97.81490684,0,0,1,0,0,0,73,76,6553,0,84,-81.62,59,11,-16,-994
97.90559268,0,0,1,0,0,0,73,76,6553,0,84,-81.41,59,-10,-3,-998
97.99513698,0,0,1,0,0,0,73,76,6553,0,84,-81.41,59,-10,-3,-998
98.08993673,0,0,1,0,0,0,73,75,6553,0,84,-81.55,59,4,-19,-999
98.17124391,0,0,1,0,0,0,73,75,6553,0,84,-81.38,59,7,-8,-1000
98.27386594,0,0,1,0,0,0,73,75,6553,0,84,-81.19,60,0,-19,-991
98.34098291,0,0,1,0,0,1,73,75,6553,0,84,-81.1,60,10,-11,-1003
98.41089201,0,0,1,0,0,1,73,75,6553,0,84,-80.97,60,-1,-5,-1000
98.50822973,0,0,1,0,0,2,73,75,6553,0,84,-80.9,60,-3,-5,-992
98.55563784,0,0,1,0,0,2,73,75,6553,0,84,-80.9,60,-3,-5,-992
98.63797569,0,0,1,0,0,2,73,75,6553,0,84,-80.83,60,-3,-7,-998
98.74146771,0,0,1,0,0,0,73,75,6553,0,84,-80.79,60,5,-9,-995
98.83842564,0,0,1,0,0,0,73,75,6553,0,84,-80.74,60,3,-9,-995
98.91353393,0,0,1,0,0,0,73,75,6553,0,84,-80.75,60,8,-7,-991
99.00685883,0,0,1,0,0,0,73,75,6553,0,84,-80.75,60,8,-7,-991